cntr_01,dist_x,pang_x,name_01,ra_01,dec_01,pgc_name,pgc,ra,dec,gl_deg,gb_deg,resolution,has_fuv,has_nuv,has_wise1,has_wise2,has_wise3,has_wise4,time_fuv,time_nuv,afuv,anuv,rms_fuv,std_fuv,rms_nuv,std_nuv,rms_wise1,std_wise1,rms_wise2,std_wise2,rms_wise3,std_wise3,rms_wise4,std_wise4,sat_effects_fuv,star_area_fuv,star_flux_fuv,star_flag_fuv,sat_effects_nuv,star_area_nuv,star_flux_nuv,star_flag_nuv,sat_effects_wise1,star_area_wise1,star_flux_wise1,star_flag_wise1,sat_effects_wise2,star_area_wise2,star_flux_wise2,star_flag_wise2,sat_effects_wise3,star_area_wise3,star_flux_wise3,star_flag_wise3,sat_effects_wise4,star_area_wise4,star_flux_wise4,star_flag_wise4,galaxy_mask_overlap,galaxy_overlap_flag,flux_fuv,rms_flux_fuv,std_flux_fuv,flux_nuv,rms_flux_nuv,std_flux_nuv,flux_wise1,rms_flux_wise1,std_flux_wise1,flux_wise2,rms_flux_wise2,std_flux_wise2,flux_wise3,rms_flux_wise3,std_flux_wise3,flux_wise4,rms_flux_wise4,std_flux_wise4,dist_mpc,e_dist_dex,mtol,method_mtol,logmass,e_logmass,logsfr,e_logsfr,method_sfr,deltams,absbtc,complete_sample,summary_url
1,0.710047,-16.615206,ARP220,2.3373880050E+02,2.3502668200E+01,PGC55497,55497,233.738739,23.502857,36.626797,53.028217,gauss15,1,1,1,1,1,1,264.2,285.4,0.450,0.450,1.9756E-04,2.9308E-04,1.6113E-04,9.0936E-04,0.00411,0.05108,0.00335,0.02954,1.6603E-02,3.0403E-02,1.2460E-01,3.5880E-01,0,0.000,0.000,0,0,0.000,0.000,0,0,0.000,0.000,0,0,0.000,0.000,0,0,0.000,0.000,0,1,0.000,0.000,0,0.0000E+00,0,2.3067E-04,1.2811E-06,1.6075E-06,6.2071E-04,1.1085E-06,2.0078E-06,4.6998E-02,1.0392E-05,1.9986E-04,4.0973E-02,1.3453E-05,1.1860E-04,4.6089E-01,1.4170E-04,1.8340E-04,5.0767E+00,6.7178E-04,1.9345E-03,82.604,0.077,0.200,SSFRLIKE,10.62,0.10,2.02,0.20,FUV+WISE4,1.72,-21.208,0,"<a href=""/data/WISE/z0MGS/images/PGC55497.html"">Summary</a>"
2,0.427708,-173.742822,IC0480,1.1884663350E+02,2.6742816800E+01,PGC22188,22188,118.846619,26.742699,194.367355,25.093042,gauss15,1,1,1,1,1,1,1507.3,1935.5,0.372,0.372,6.8019E-05,1.5032E-03,1.0908E-04,1.6271E-02,0.00315,0.62345,0.00362,0.32559,2.0595E-02,6.0300E-02,1.4869E-01,1.6569E-01,0,0.000,0.000,0,0,0.000,0.000,0,0,0.000,0.000,0,0,0.000,0.000,0,0,0.000,0.000,0,0,0.000,0.000,0,0.0000E+00,0,2.4060E-04,7.0758E-07,1.2519E-05,5.5199E-04,8.6883E-07,1.0653E-04,2.4595E-02,1.5953E-05,4.8302E-03,1.6692E-02,2.8088E-05,2.5573E-03,1.0714E-01,3.5319E-04,6.0688E-04,1.4665E-01,1.2192E-03,1.3586E-03,61.916,0.134,0.327,SSFRLIKE,10.30,0.13,0.25,0.20,FUV+WISE4,0.16,-20.219,0,"<a href=""/data/WISE/z0MGS/images/PGC22188.html"">Summary</a>"
3,0.549435,37.359297,IC0540,1.4254282950E+02,7.9025896000E+00,PGC26968,26968,142.542923,7.902711,225.220001,38.725845,gauss15,1,1,1,1,1,1,1849.2,2808.5,0.540,0.540,6.8556E-05,8.9479E-05,7.3076E-05,1.8273E-04,0.00222,0.01281,0.00284,0.00883,2.2531E-02,2.5631E-02,1.6338E-01,1.6821E-01,0,0.000,0.000,0,0,0.000,0.000,0,0,0.000,0.000,0,0,0.000,0.000,0,0,0.000,0.000,0,0,0.000,0.000,0,0.0000E+00,0,8.3350E-05,4.0415E-07,4.9394E-07,2.0851E-04,3.8712E-07,7.9861E-07,2.2475E-02,8.0301E-06,5.8301E-05,1.2959E-02,1.7396E-05,4.3689E-05,2.5419E-02,2.3463E-04,2.6434E-04,2.9628E-02,8.4567E-04,8.7071E-04,29.390,0.216,0.500,SSFRLIKE,9.80,0.10,-1.08,0.20,FUV+WISE4,-0.84,-18.599,1,"<a href=""/data/WISE/z0MGS/images/PGC26968.html"">Summary</a>"
4,0.485972,-15.630581,IC0944,2.0787863850E+02,1.4091974900E+01,PGC49204,49204,207.878601,14.092105,352.990997,70.863502,gauss15,1,1,1,1,1,1,87.4,154.6,0.211,0.211,2.2889E-04,4.0862E-04,2.1201E-04,7.4868E-04,0.00252,0.02999,0.00287,0.01777,1.5560E-02,4.3974E-02,1.1203E-01,1.4603E-01,0,0.000,0.000,0,0,0.000,0.000,0,0,0.000,0.000,0,0,0.000,0.000,0,0,0.000,0.000,0,0,0.000,0.000,0,0.0000E+00,0,1.7850E-04,7.7006E-07,2.9940E-06,2.8243E-04,2.0333E-06,4.8729E-06,4.9295E-02,1.1529E-05,1.9500E-04,2.8906E-02,2.0678E-05,1.1610E-04,6.5010E-02,2.4428E-04,3.6345E-04,7.4854E-02,8.5140E-04,1.1098E-03,104.376,0.061,0.500,SSFRLIKE,11.24,0.10,0.42,0.20,FUV+WISE4,-0.29,-21.108,0,"<a href=""/data/WISE/z0MGS/images/PGC49204.html"">Summary</a>"
5,0.031783,143.534399,IC1151,2.3963476050E+02,1.7441482000E+01,PGC56537,56537,239.634766,17.441475,30.364435,45.903503,gauss15,1,1,1,1,1,1,184.3,147.7,0.333,0.333,2.1543E-04,2.8785E-04,2.2684E-04,1.2946E-02,0.00282,0.10067,0.00316,0.05594,1.5818E-02,2.9787E-02,1.4054E-01,1.5823E-01,0,0.000,0.000,0,0,0.000,0.000,0,0,0.000,0.000,0,0,0.000,0.000,0,0,0.000,0.000,0,0,0.000,0.000,0,0.0000E+00,0,2.5915E-03,2.7597E-06,3.3793E-06,3.8397E-03,3.1883E-06,1.3611E-04,2.7425E-02,1.6380E-05,1.0661E-03,1.5864E-02,2.9601E-05,5.9929E-04,6.0293E-02,3.5301E-04,4.6014E-04,9.3489E-02,1.4947E-03,1.6828E-03,24.200,0.125,0.329,SSFRLIKE,9.54,0.10,-0.52,0.20,FUV+WISE4,-0.11,-19.324,1,"<a href=""/data/WISE/z0MGS/images/PGC56537.html"">Summary</a>"
6,1.271982,10.599009,IC1199,2.4264300000E+02,1.0040069400E+01,PGC57373,57373,242.643066,10.040417,22.772037,40.191345,gauss15,1,1,1,1,1,1,133.6,123.4,0.467,0.467,2.7377E-04,1.2171E-02,2.9709E-04,5.2148E-02,0.00345,2.95056,0.00347,2.79061,1.8722E-02,4.6659E-01,1.3464E-01,2.1568E-01,0,0.000,0.000,0,0,0.000,0.000,0,0,0.000,0.000,0,0,0.000,0.000,0,0,0.000,0.000,0,0,0.000,0.000,0,0.0000E+00,0,6.0237E-04,1.9331E-06,7.2222E-05,1.0700E-03,1.9419E-06,1.5859E-04,2.6979E-02,1.0392E-05,1.2971E-02,1.5956E-02,1.5157E-05,1.4623E-02,4.8820E-02,2.2414E-04,2.7802E-03,7.8299E-02,7.7029E-04,1.2340E-03,71.220,0.088,0.418,SSFRLIKE,10.57,0.20,0.17,0.20,FUV+WISE4,-0.10,-20.676,0,"<a href=""/data/WISE/z0MGS/images/PGC57373.html"">Summary</a>"
7,0.001232,28.803417,IC1683,2.0661916500E+01,3.4437000000E+01,PGC5008,5008,20.661917,34.437000,130.216675,-27.992798,gauss15,1,1,1,1,1,1,1556.1,1491.0,0.445,0.445,8.6112E-05,1.2470E-04,9.7521E-05,4.6354E-04,0.00291,0.05408,0.00378,0.03040,1.4411E-02,2.0135E-02,1.1670E-01,1.1994E-01,0,0.000,0.000,0,0,0.049,0.006,0,0,0.086,0.017,0,0,0.086,0.015,0,0,0.012,0.000,0,0,0.000,0.000,0,0.0000E+00,0,1.3093E-04,6.3372E-07,8.0742E-07,4.0261E-04,6.3512E-07,2.8733E-06,2.9092E-02,9.4096E-06,3.1399E-04,1.7741E-02,1.6968E-05,1.8103E-04,7.9496E-02,1.9114E-04,2.1474E-04,2.3558E-01,7.4328E-04,7.6393E-04,72.410,0.087,0.282,SSFRLIKE,10.45,0.10,0.58,0.20,FUV+WISE4,0.39,-20.912,0,"<a href=""/data/WISE/z0MGS/images/PGC5008.html"">Summary</a>"
8,0.068427,82.442136,IC2247,1.2399615750E+02,2.3199601500E+01,PGC23169,23169,123.996178,23.199604,199.834015,28.333509,gauss15,1,1,1,1,1,1,107.8,75.9,0.467,0.467,2.5191E-04,1.7864E-03,3.4079E-04,1.2147E-02,0.00341,0.12561,0.00395,0.06966,2.2438E-02,3.6140E-02,1.5922E-01,1.7862E-01,0,0.000,0.000,0,0,0.187,0.308,1,0,0.226,0.178,0,0,0.206,0.166,0,0,0.142,0.054,0,0,0.000,0.000,0,0.0000E+00,0,3.0389E-04,2.6040E-06,1.6404E-05,5.4814E-04,4.0719E-06,1.0794E-04,3.6123E-02,1.8367E-05,1.0976E-03,2.3710E-02,3.2794E-05,6.1708E-04,9.1332E-02,4.2137E-04,4.9339E-04,1.2434E-01,1.3992E-03,1.5696E-03,60.506,0.082,0.412,SSFRLIKE,10.55,0.10,0.17,0.20,FUV+WISE4,-0.08,-21.336,0,"<a href=""/data/WISE/z0MGS/images/PGC23169.html"">Summary</a>"
9,0.053727,-46.358023,IC2487,1.4253832650E+02,2.0090901600E+01,PGC26966,26966,142.538315,20.090912,210.373489,43.653870,gauss15,1,1,1,1,1,1,487.2,1959.7,0.432,0.432,1.2225E-04,1.8562E-04,9.7764E-05,1.4479E-03,0.00293,0.15942,0.00422,0.08397,2.3096E-02,2.9602E-02,1.6598E-01,1.8206E-01,0,0.000,0.000,0,0,0.000,0.000,0,0,0.000,0.000,0,0,0.000,0.000,0,0,0.000,0.000,0,0,0.000,0.000,0,0.0000E+00,0,6.7143E-04,1.2936E-06,1.7860E-06,1.0838E-03,8.6881E-07,1.2144E-05,2.8137E-02,1.5896E-05,1.3797E-03,1.6493E-02,3.1932E-05,7.3449E-04,4.9957E-02,4.2725E-04,4.8534E-04,7.0750E-02,1.4610E-03,1.6024E-03,63.475,0.099,0.435,SSFRLIKE,10.51,0.10,0.04,0.20,FUV+WISE4,-0.18,-20.944,0,"<a href=""/data/WISE/z0MGS/images/PGC26966.html"">Summary</a>"
10,0.063911,162.166918,IC4566,2.3417566650E+02,4.3539354100E+01,PGC55601,55601,234.175674,43.539337,70.248383,53.003048,gauss15,1,1,1,1,1,1,183.6,1580.6,0.234,0.234,1.9750E-04,9.5630E-04,9.3153E-05,1.9507E-03,0.00244,0.09306,0.00255,0.06116,9.7126E-03,3.4131E-01,7.0087E-02,5.2468E-01,0,0.000,0.000,0,0,0.000,0.000,0,0,0.000,0.000,0,0,0.000,0.000,0,0,0.000,0.000,0,0,0.000,0.000,0,0.0000E+00,0,3.5337E-04,1.8449E-06,4.5067E-06,5.8737E-04,6.6494E-07,8.2057E-06,3.3553E-02,8.5984E-06,5.0011E-04,1.9498E-02,1.3855E-05,3.2799E-04,3.9978E-02,1.3551E-04,1.6750E-03,5.1408E-02,5.0019E-04,3.7445E-03,85.585,0.074,0.500,SSFRLIKE,10.90,0.10,0.14,0.20,FUV+WISE4,-0.35,-20.957,0,"<a href=""/data/WISE/z0MGS/images/PGC55601.html"">Summary</a>"
11,0.001081,-2.829960,IC5376,3.3233400000E-01,3.4525722200E+01,PGC102,102,0.332334,34.525723,111.339622,-27.215446,gauss15,1,1,1,1,1,1,165.0,147.1,0.642,0.642,2.6034E-04,5.2959E-04,2.5312E-04,7.1870E-04,0.00343,0.04732,0.00326,0.03054,1.8466E-02,3.1833E-02,1.3749E-01,1.6304E-01,0,0.000,0.000,0,0,0.000,0.000,0,0,0.000,0.000,0,0,0.000,0.000,0,0,0.000,0.000,0,0,0.000,0.000,0,0.0000E+00,0,4.2897E-04,2.7033E-06,4.7578E-06,5.2727E-04,2.5812E-06,5.6622E-06,2.7086E-02,1.4440E-05,3.8461E-04,1.5459E-02,2.3605E-05,2.4888E-04,2.9056E-02,3.3616E-04,4.0817E-04,3.4053E-02,1.1326E-03,1.3431E-03,74.817,0.084,0.500,SSFRLIKE,10.70,0.10,-0.10,0.20,FUV+WISE4,-0.45,-20.749,0,"<a href=""/data/WISE/z0MGS/images/PGC102.html"">Summary</a>"
12,0.391439,-107.170596,NGC0444,1.8956845500E+01,3.1080213200E+01,PGC4561,4561,18.956724,31.080181,129.056549,-31.501265,gauss15,1,1,1,1,1,1,1792.8,5319.5,0.560,0.560,7.6361E-05,3.5595E-03,6.1106E-05,2.5642E-03,0.00275,1.16787,0.00376,0.61339,1.5712E-02,1.1157E-01,1.1228E-01,1.2489E-01,0,0.000,0.000,0,0,0.000,0.000,0,0,0.000,0.000,0,0,0.000,0.000,0,0,0.000,0.000,0,0,0.000,0.000,0,0.0000E+00,0,7.1031E-04,7.0532E-07,2.6457E-05,1.0803E-03,4.6490E-07,1.8287E-05,9.3486E-03,1.2030E-05,8.5442E-03,4.6959E-03,2.3177E-05,4.5981E-03,1.8633E-02,2.3229E-04,8.9817E-04,1.4411E-02,8.5048E-04,9.4601E-04,64.062,0.160,0.409,SSFRLIKE,10.01,0.30,-0.36,0.20,FUV+WISE4,-0.26,-20.472,0,"<a href=""/data/WISE/z0MGS/images/PGC4561.html"">Summary</a>"
13,0.001898,-161.468291,NGC0447,1.8906666000E+01,3.3067638900E+01,PGC4550,4550,18.906666,33.067638,128.755432,-29.530348,gauss15,0,0,1,1,1,1,null,null,null,null,null,null,null,null,0.00354,0.30536,0.00372,0.16854,1.5714E-02,3.3156E-02,1.0754E-01,1.1634E-01,0,0.000,0.000,0,0,0.000,0.000,0,0,0.441,0.683,1,0,0.408,0.619,1,0,0.205,0.296,1,0,0.000,0.000,0,0.0000E+00,0,null,null,null,null,null,null,7.2633E-02,2.6434E-05,4.2663E-03,4.0191E-02,4.2233E-05,2.3956E-03,7.1941E-02,4.2855E-04,6.3310E-04,5.7543E-02,1.6166E-03,1.7489E-03,82.604,0.076,0.500,W4W1,11.21,0.10,0.18,0.20,WISE4,null,-19.871,0,"<a href=""/data/WISE/z0MGS/images/PGC4550.html"">Summary</a>"
14,0.005760,0.000000,NGC0477,2.0334816000E+01,4.0488214800E+01,PGC4915,4915,20.334816,40.488216,129.059158,-22.027409,gauss15,1,1,1,1,1,1,661.4,688.0,0.475,0.475,1.4212E-04,1.7625E-03,1.4186E-04,8.0973E-03,0.00452,0.09817,0.00415,0.05328,1.3620E-02,5.2387E-02,9.8617E-02,1.3410E-01,0,0.000,0.000,0,0,0.423,0.447,1,0,0.577,0.610,1,0,0.514,0.560,1,0,0.063,0.023,0,0,0.000,0.000,0,0.0000E+00,0,1.6757E-03,1.2872E-06,8.3694E-06,2.4477E-03,1.1748E-06,5.4247E-05,2.6959E-02,1.4423E-05,6.0042E-04,1.5889E-02,2.1717E-05,3.3413E-04,5.6985E-02,2.0860E-04,3.4323E-04,8.4512E-02,7.4865E-04,1.0180E-03,92.045,0.012,0.365,SSFRLIKE,10.74,0.10,0.54,0.20,FUV+WISE4,0.16,-21.921,0,"<a href=""/data/WISE/z0MGS/images/PGC4915.html"">Summary</a>"
15,1.205848,167.173914,NGC0496,2.0798037000E+01,3.3528872000E+01,PGC5061,5061,20.798126,33.528545,130.487061,-28.876833,gauss15,1,1,1,1,1,1,4980.8,3967.5,0.649,0.649,5.3775E-05,2.3324E-04,6.2419E-05,3.8675E-04,0.00365,0.08125,0.00347,0.04842,1.5649E-02,3.7695E-02,1.1043E-01,1.2848E-01,0,0.000,0.000,0,0,0.000,0.000,0,0,0.000,0.000,0,0,0.000,0.000,0,0,0.000,0.000,0,0,0.000,0.000,0,0.0000E+00,0,1.2245E-03,2.7220E-07,8.5062E-07,1.7472E-03,3.1639E-07,1.4168E-06,1.8651E-02,7.5646E-06,3.6475E-04,1.1773E-02,1.2789E-05,2.2257E-04,5.9399E-02,1.4108E-04,2.0196E-04,7.8698E-02,5.0121E-04,5.8314E-04,79.616,0.222,0.330,SSFRLIKE,10.41,0.10,0.34,0.20,FUV+WISE4,0.18,-21.231,0,"<a href=""/data/WISE/z0MGS/images/PGC5061.html"">Summary</a>"
16,0.002468,-151.078074,NGC0523,2.1336615000E+01,3.4024990700E+01,PGC5268,5268,21.336615,34.024990,130.909668,-28.320845,gauss15,1,1,1,1,1,1,2875.1,3606.6,0.480,0.480,5.9977E-05,4.0579E-04,6.5626E-05,1.4425E-02,0.00300,0.12676,0.00373,0.06981,1.4854E-02,5.4399E-02,1.1012E-01,1.4584E-01,0,0.000,0.000,0,0,0.131,0.334,1,0,0.175,0.484,1,0,0.158,0.442,1,0,0.064,0.240,1,0,0.000,0.000,0,0.0000E+00,0,8.7149E-04,9.3328E-07,5.2719E-06,5.0113E-03,9.7131E-07,1.6456E-04,5.2581E-02,2.0018E-05,1.4591E-03,3.4143E-02,3.6047E-05,8.2139E-04,1.1740E-01,3.9172E-04,7.4211E-04,2.2274E-01,1.3713E-03,1.8161E-03,73.080,0.016,0.372,SSFRLIKE,10.83,0.10,0.60,0.20,FUV+WISE4,0.16,-21.945,0,"<a href=""/data/WISE/z0MGS/images/PGC5268.html"">Summary</a>"
17,0.005830,171.130909,NGC0528,2.1389898000E+01,3.3671472200E+01,PGC5290,5290,21.389898,33.671471,131.019684,-28.663752,gauss15,1,1,1,1,1,1,4077.5,4237.1,0.577,0.577,5.2310E-05,1.8653E-04,5.8985E-05,6.9586E-03,0.00270,1.20010,0.00331,0.62150,1.6213E-02,1.1936E-01,1.0829E-01,1.2535E-01,0,0.000,0.000,0,0,0.000,0.000,0,0,0.014,0.002,0,0,0.014,0.002,0,0,0.000,0.000,0,0,0.000,0.000,0,0.0000E+00,0,7.8649E-05,5.4417E-07,1.6540E-06,2.5510E-04,5.5198E-07,5.8906E-05,5.2307E-02,1.3886E-05,9.5713E-03,2.9700E-02,2.4163E-05,5.2248E-03,2.8266E-02,2.5761E-04,1.0983E-03,4.1859E-02,9.5547E-04,1.1060E-03,70.632,0.090,0.500,SSFRLIKE,10.93,0.12,-0.17,0.20,FUV+WISE4,null,-20.949,0,"<a href=""/data/WISE/z0MGS/images/PGC5290.html"">Summary</a>"
18,0.003437,160.501275,NGC0551,2.1919416000E+01,3.7182888900E+01,PGC5450,5450,21.919416,37.182888,130.897003,-25.127630,gauss15,0,1,1,1,1,1,null,72.4,null,0.509,null,null,3.5880E-04,8.6380E-04,0.00259,0.08506,0.00320,0.04763,1.2881E-02,1.7914E-02,9.7668E-02,1.1013E-01,0,0.000,0.000,0,0,0.010,0.004,0,0,0.020,0.006,0,0,0.010,0.002,0,0,0.000,0.000,0,0,0.000,0.000,0,0.0000E+00,0,null,null,null,1.4993E-03,3.1619E-06,6.1506E-06,3.0466E-02,1.0316E-05,5.5188E-04,1.7869E-02,1.8805E-05,3.1404E-04,5.9012E-02,2.0248E-04,2.2908E-04,6.8262E-02,6.8217E-04,7.6919E-04,73.723,0.071,0.426,SSFRLIKE,10.66,0.10,0.23,0.20,NUV+WISE4,-0.10,-21.830,0,"<a href=""/data/WISE/z0MGS/images/PGC5450.html"">Summary</a>"
19,0.004181,-80.082812,NGC1167,4.5426526500E+01,3.5205730200E+01,PGC11425,11425,45.426525,35.205730,150.935028,-20.485619,gauss15,1,1,1,1,1,1,119.5,10766.6,1.491,1.491,4.6560E-04,5.0748E-04,9.1394E-05,1.6577E-03,0.00406,1.05254,0.00414,0.57588,2.2738E-02,1.1021E-01,1.5500E-01,1.7616E-01,0,0.000,0.000,0,0,0.030,0.027,0,0,0.069,0.040,0,0,0.059,0.033,0,0,0.000,0.000,0,0,0.000,0.000,0,0.0000E+00,0,2.5194E-04,5.8300E-06,6.3297E-06,7.9914E-04,6.5108E-07,1.6085E-05,1.2943E-01,2.1009E-05,9.1619E-03,7.0144E-02,3.1067E-05,5.3310E-03,4.8272E-02,4.3318E-04,1.1815E-03,4.7493E-02,1.5625E-03,1.7757E-03,73.013,0.087,0.500,SSFRLIKE,11.35,0.10,-0.05,0.20,FUV+WISE4,null,-21.714,0,"<a href=""/data/WISE/z0MGS/images/PGC11425.html"">Summary</a>"
20,0.011262,7.703931,NGC2253,1.0092420900E+02,6.5206250000E+01,PGC19501,19501,100.924210,65.206253,150.163361,23.662661,gauss15,1,1,1,1,1,1,95.1,107.8,0.609,0.609,2.9018E-04,3.6131E-04,2.8914E-04,1.0947E-03,0.00334,0.10037,0.00383,0.05294,1.6618E-02,2.2154E-02,1.2646E-01,1.3530E-01,0,0.000,0.000,0,0,0.000,0.000,0,0,0.014,0.002,0,0,0.000,0.000,0,0,0.000,0.000,0,0,0.000,0.000,0,0.0000E+00,0,2.4602E-03,3.0417E-06,3.5726E-06,3.5848E-03,3.0173E-06,9.3374E-06,6.3485E-02,1.2879E-05,8.0489E-04,3.9715E-02,2.2676E-05,4.3403E-04,2.2045E-01,2.9206E-04,3.2854E-04,3.7620E-01,1.0676E-03,1.1423E-03,54.601,0.116,0.307,SSFRLIKE,10.58,0.10,0.61,0.20,FUV+WISE4,0.34,-21.308,0,"<a href=""/data/WISE/z0MGS/images/PGC19501.html"">Summary</a>"
21,0.003330,166.649193,NGC2347,1.0901631150E+02,6.4710785800E+01,PGC20539,20539,109.016312,64.710785,151.384155,26.940266,gauss15,1,1,1,1,1,1,469.0,466.9,0.723,0.723,1.6259E-04,6.4927E-04,1.4006E-04,3.0871E-03,0.00401,0.20341,0.00357,0.11143,1.8855E-02,2.9795E-02,1.3072E-01,1.3613E-01,0,0.000,0.000,0,0,0.000,0.000,0,0,0.117,0.022,0,0,0.056,0.007,0,0,0.000,0.000,0,0,0.000,0.000,0,0.0000E+00,0,1.8607E-03,1.8337E-06,6.3268E-06,3.1674E-03,1.7240E-06,2.9178E-05,6.5278E-02,1.8269E-05,1.8300E-03,3.8182E-02,2.5907E-05,1.0181E-03,1.4440E-01,3.3454E-04,4.2196E-04,1.8426E-01,1.2735E-03,1.3263E-03,73.114,0.119,0.414,SSFRLIKE,10.98,0.10,0.59,0.20,FUV+WISE4,0.05,-21.599,0,"<a href=""/data/WISE/z0MGS/images/PGC20539.html"">Summary</a>"
22,0.039575,-166.742104,NGC2410,1.1375944800E+02,3.2822139000E+01,PGC21336,21336,113.759445,32.822128,186.514587,22.866478,gauss15,0,0,1,1,1,1,null,null,null,null,null,null,null,null,0.00321,0.26897,0.00404,0.14609,2.1376E-02,3.6823E-02,1.6139E-01,1.7470E-01,0,0.000,0.000,0,0,0.000,0.000,0,0,0.063,0.015,0,0,0.036,0.005,0,0,0.000,0.000,0,0,0.000,0.000,0,0.0000E+00,0,null,null,null,null,null,null,6.4947E-02,1.9535E-05,2.7953E-03,4.7140E-02,3.7029E-05,1.5539E-03,1.8381E-01,5.0232E-04,6.1044E-04,3.6637E-01,1.7193E-03,1.8612E-03,67.143,0.080,0.200,W4W1,10.58,0.10,0.80,0.20,WISE4,null,-21.300,0,"<a href=""/data/WISE/z0MGS/images/PGC21336.html"">Summary</a>"
23,0.125081,57.438102,NGC2480,1.1929344000E+02,2.3779758800E+01,PGC22289,22289,119.293472,23.779778,197.589722,24.473642,gauss15,0,0,1,1,1,1,null,null,null,null,null,null,null,null,0.00339,0.25081,0.00507,0.13622,2.2801E-02,5.7920E-02,1.7378E-01,1.9260E-01,0,0.000,0.000,0,0,0.000,0.000,0,0,0.000,0.000,0,0,0.000,0.000,0,0,0.000,0.000,0,0,0.000,0.000,0,1.7538E-01,1,null,null,null,null,null,null,1.1727E-02,1.4250E-05,1.1705E-03,7.0770E-03,2.3703E-05,6.4469E-04,1.8908E-02,2.9058E-04,4.1834E-04,6.7102E-02,1.0057E-03,1.1146E-03,34.056,0.185,0.200,W4W1,9.25,0.11,-0.53,0.20,WISE4,null,-18.704,1,"<a href=""/data/WISE/z0MGS/images/PGC22289.html"">Summary</a>"
24,0.351967,4.247335,NGC2486,1.1948529000E+02,2.5160775900E+01,PGC22317,22317,119.485298,25.160873,196.225616,25.109526,gauss15,0,0,1,1,1,1,null,null,null,null,null,null,null,null,0.00331,0.17153,0.00406,0.09261,2.4784E-02,3.0086E-02,1.6344E-01,1.7854E-01,0,0.000,0.000,0,0,0.000,0.000,0,0,0.048,0.024,0,0,0.010,0.004,0,0,0.000,0.000,0,0,0.000,0.000,0,0.0000E+00,0,null,null,null,null,null,null,2.6487E-02,1.4832E-05,1.1970E-03,1.6033E-02,2.5630E-05,6.5169E-04,2.3944E-02,3.3928E-04,3.8361E-04,2.0074E-02,1.1386E-03,1.2438E-03,67.639,0.093,0.500,W4W1,10.60,0.10,-0.45,0.20,WISE4,null,-20.355,0,"<a href=""/data/WISE/z0MGS/images/PGC22317.html"">Summary</a>"
25,0.106769,-71.113775,NGC2487,1.1958532800E+02,2.5149202300E+01,PGC22343,22343,119.585297,25.149212,196.271347,25.190857,gauss15,0,0,1,1,1,1,null,null,null,null,null,null,null,null,0.00261,0.03408,0.00377,0.01924,2.3033E-02,2.5792E-02,1.7957E-01,1.8966E-01,0,0.000,0.000,0,0,0.000,0.000,0,0,0.217,0.298,1,0,0.107,0.108,0,0,0.011,0.003,0,0,0.000,0.000,0,0.0000E+00,0,null,null,null,null,null,null,5.0560E-02,2.1019E-05,3.2949E-04,2.6156E-02,4.0289E-05,1.9101E-04,6.8688E-02,5.3758E-04,5.9499E-04,6.3323E-02,2.0656E-03,2.1817E-03,70.632,0.090,0.461,W4W1,10.88,0.10,0.08,0.20,WISE4,null,-21.249,0,"<a href=""/data/WISE/z0MGS/images/PGC22343.html"">Summary</a>"
26,1.944063,29.089534,NGC2623,1.2959998950E+02,2.5754098100E+01,PGC24288,24288,129.600281,25.754570,198.839523,33.973431,gauss15,1,1,1,1,1,1,2478.6,4248.0,0.362,0.362,5.6852E-05,4.0147E-03,7.3058E-05,2.5435E-02,0.00297,0.06261,0.00367,0.03463,2.3615E-02,2.9914E-02,1.8351E-01,1.9719E-01,0,0.000,0.000,0,0,0.000,0.000,0,0,0.000,0.000,0,0,0.000,0.000,0,0,0.000,0.000,0,0,0.000,0.000,0,0.0000E+00,0,6.7651E-04,7.7086E-07,4.6278E-05,1.2572E-03,8.3836E-07,2.7797E-04,2.8132E-02,2.3051E-05,7.2043E-04,2.6307E-02,4.6217E-05,4.0646E-04,2.0148E-01,6.1579E-04,6.8720E-04,1.3003E+00,2.1735E-03,2.3355E-03,96.650,0.086,0.200,SSFRLIKE,10.54,0.10,1.57,0.20,FUV+WISE4,1.33,-21.861,0,"<a href=""/data/WISE/z0MGS/images/PGC24288.html"">Summary</a>"
27,0.571022,41.279904,NGC2639,1.3090842150E+02,5.0205412900E+01,PGC24506,24506,130.908585,50.205532,168.874069,38.185360,gauss15,1,1,1,1,1,1,1363.3,2786.9,0.205,0.205,5.7269E-05,1.7789E-04,7.4943E-05,7.3456E-04,0.00315,0.03423,0.00301,0.01918,1.8250E-02,3.5322E-02,1.3512E-01,1.5511E-01,0,0.000,0.000,0,0,0.000,0.000,0,0,0.000,0.000,0,0,0.000,0.000,0,0,0.000,0.000,0,0,0.000,0.000,0,2.0349E-02,0,5.9655E-04,6.2566E-07,1.5118E-06,1.5730E-03,6.5187E-07,6.4981E-06,1.4872E-01,1.8108E-05,3.0528E-04,8.3714E-02,2.7149E-05,1.7382E-04,1.3172E-01,3.6329E-04,4.6601E-04,1.7447E-01,1.2256E-03,1.4070E-03,49.295,0.129,0.500,SSFRLIKE,11.07,0.10,0.15,0.20,FUV+WISE4,-0.45,-21.115,1,"<a href=""/data/WISE/z0MGS/images/PGC24506.html"">Summary</a>"
28,0.210393,92.549814,NGC2730,1.3556585700E+02,1.6838263300E+01,PGC25384,25384,135.565918,16.838261,211.368484,36.324638,gauss15,1,1,1,1,1,1,285.0,288.4,0.237,0.237,1.4663E-04,2.5279E-04,1.9222E-04,2.3702E-03,0.00275,0.15361,0.00333,0.08489,1.9283E-02,2.6299E-02,1.5567E-01,1.7032E-01,0,0.000,0.000,0,0,0.054,0.040,0,0,0.180,0.166,0,0,0.126,0.111,0,0,0.009,0.003,0,0,0.000,0.000,0,0.0000E+00,0,2.5580E-03,1.3395E-06,1.8439E-06,3.2363E-03,1.6781E-06,1.6625E-05,1.9991E-02,1.3224E-05,1.0796E-03,1.2765E-02,2.3284E-05,6.0515E-04,6.0670E-02,3.2919E-04,3.7305E-04,1.1075E-01,1.1529E-03,1.2614E-03,55.770,0.114,0.262,SSFRLIKE,10.03,0.10,0.24,0.20,FUV+WISE4,0.33,-20.410,0,"<a href=""/data/WISE/z0MGS/images/PGC25384.html"">Summary</a>"
29,0.095204,-166.361920,NGC2880,1.4239408650E+02,6.2490641500E+01,PGC26939,26939,142.394073,62.490616,151.461365,41.766785,gauss15,0,0,1,1,1,1,null,null,null,null,null,null,null,null,0.00284,0.26231,0.00333,0.13737,1.8465E-02,5.1874E-02,1.2857E-01,1.6229E-01,0,0.000,0.000,0,0,0.000,0.000,0,0,0.051,0.010,0,0,0.043,0.008,0,0,0.020,-0.001,0,0,0.000,0.000,0,0.0000E+00,0,null,null,null,null,null,null,1.2132E-01,1.8945E-05,2.8179E-03,6.5429E-02,3.0919E-05,1.4842E-03,2.2504E-02,3.9217E-04,6.5164E-04,1.1240E-02,1.4454E-03,1.8244E-03,21.900,0.060,0.500,W4W1,10.28,0.10,-1.69,0.21,WISE4,null,-19.343,1,"<a href=""/data/WISE/z0MGS/images/PGC26939.html"">Summary</a>"
30,0.882443,-26.352471,NGC2906,1.4302605000E+02,8.4415900000E+00,PGC27074,27074,143.025940,8.441810,224.903214,39.403133,gauss15,1,1,1,1,1,1,1400.2,2858.8,0.418,0.418,7.4156E-05,2.0761E-04,8.0277E-05,2.2177E-03,0.00294,0.06205,0.00349,0.03397,2.0069E-02,3.6478E-02,1.5740E-01,1.8283E-01,0,0.000,0.000,0,0,0.000,0.000,0,0,0.102,0.199,0,0,0.000,0.000,0,0,0.000,0.000,0,0,0.000,0.000,0,0.0000E+00,0,1.6716E-03,6.3760E-07,1.5196E-06,2.9014E-03,5.8236E-07,1.3893E-05,7.9870E-02,1.3552E-05,4.1575E-04,4.8382E-02,2.3643E-05,2.3084E-04,1.2973E-01,3.2605E-04,4.0101E-04,1.4698E-01,1.0720E-03,1.2452E-03,33.600,0.125,0.479,SSFRLIKE,10.45,0.10,-0.17,0.20,FUV+WISE4,-0.36,-20.070,1,"<a href=""/data/WISE/z0MGS/images/PGC27074.html"">Summary</a>"
31,0.028525,10.130302,NGC2916,1.4373995850E+02,2.1705238200E+01,PGC27244,27244,143.739960,21.705246,208.708908,45.220367,gauss15,1,1,1,1,1,1,2101.8,3811.2,0.231,0.231,5.6465E-05,4.1871E-04,8.7318E-05,4.3251E-03,0.00265,0.20767,0.00299,0.11277,1.9901E-02,3.3162E-02,1.5329E-01,1.6663E-01,0,0.000,0.000,0,0,0.000,0.000,0,0,0.000,0.000,0,0,0.000,0.000,0,0,0.000,0.000,0,0,0.000,0.000,0,0.0000E+00,0,3.5181E-03,8.6851E-07,4.7030E-06,5.0213E-03,1.0498E-06,5.5554E-05,7.9353E-02,2.1619E-05,2.7916E-03,4.6487E-02,4.2525E-05,1.5349E-03,1.4128E-01,6.0407E-04,7.3417E-04,1.6956E-01,2.1021E-03,2.2850E-03,45.394,0.145,0.424,SSFRLIKE,10.66,0.10,0.23,0.20,FUV+WISE4,-0.09,-20.919,1,"<a href=""/data/WISE/z0MGS/images/PGC27244.html"">Summary</a>"
32,0.020382,-162.510535,NGC2918,1.4393353500E+02,3.1705472600E+01,PGC27282,27282,143.933533,31.705467,194.572296,47.487389,gauss15,1,1,1,1,1,1,206.0,163.8,0.165,0.165,1.3155E-04,2.6461E-04,1.9299E-04,9.0378E-04,0.00307,0.05997,0.00310,0.03190,1.8162E-02,2.3037E-02,1.3659E-01,1.5114E-01,0,0.000,0.000,0,0,0.000,0.000,0,0,0.000,0.000,0,0,0.000,0.000,0,0,0.000,0.000,0,0,0.000,0.000,0,0.0000E+00,0,3.2062E-05,1.1823E-06,1.9423E-06,2.0530E-04,2.0376E-06,6.9080E-06,5.3022E-02,1.3648E-05,4.4720E-04,2.9105E-02,2.2940E-05,2.4038E-04,1.1599E-02,3.0782E-04,3.4581E-04,-3.9639E-03,1.0369E-03,1.1474E-03,99.495,0.064,0.500,FIXEDUL,11.23,0.10,null,-0.96,FUV+WISE4,null,-21.654,0,"<a href=""/data/WISE/z0MGS/images/PGC27282.html"">Summary</a>"
33,0.507528,-1.931468,NGC3303,1.5925037100E+02,1.8135690900E+01,PGC31508,31508,159.250366,18.135832,221.990616,57.814018,gauss15,1,1,1,1,1,1,1382.1,1283.7,0.239,0.239,7.1861E-05,2.1858E-04,1.6965E-04,5.6222E-04,0.00247,0.02146,0.00425,0.01228,2.0407E-02,2.2690E-02,1.6738E-01,1.8222E-01,0,0.000,0.000,0,0,0.000,0.000,0,0,0.000,0.000,0,0,0.000,0.000,0,0,0.000,0.000,0,0,0.000,0.000,0,0.0000E+00,0,1.4282E-04,4.2139E-07,1.0788E-06,2.7738E-04,8.2599E-07,3.2574E-06,3.4616E-02,1.0133E-05,1.1502E-04,1.8924E-02,2.2278E-05,6.8153E-05,1.7048E-02,2.6753E-04,2.9677E-04,1.4881E-02,9.5761E-04,1.0425E-03,92.257,0.068,0.500,SSFRLIKE,10.98,0.10,-0.31,0.20,FUV+WISE4,null,-20.704,0,"<a href=""/data/WISE/z0MGS/images/PGC31508.html"">Summary</a>"
34,0.037691,-64.544542,NGC3381,1.6210340550E+02,3.4711398400E+01,PGC32302,32302,162.103394,34.711403,189.214645,62.667519,gauss15,1,1,1,1,1,1,241.3,1514.7,0.176,0.176,1.4646E-04,2.3657E-04,9.3066E-05,2.3050E-04,0.00261,0.01506,0.00314,0.00964,1.8379E-02,2.2551E-02,1.5324E-01,1.6370E-01,0,0.000,0.000,0,0,0.038,0.008,0,0,0.076,0.044,0,0,0.062,0.036,0,0,0.000,0.000,0,0,0.000,0.000,0,0.0000E+00,0,4.3683E-03,2.5203E-06,3.6444E-06,6.1141E-03,1.3276E-06,2.9746E-06,3.6284E-02,2.0599E-05,1.9540E-04,2.1379E-02,3.9270E-05,1.2845E-04,1.1028E-01,5.5427E-04,6.1300E-04,1.6889E-01,2.0557E-03,2.1961E-03,25.700,0.125,0.283,SSFRLIKE,9.65,0.10,-0.23,0.20,FUV+WISE4,0.12,-19.326,1,"<a href=""/data/WISE/z0MGS/images/PGC32302.html"">Summary</a>"
35,0.240248,50.887264,NGC3687,1.7200239750E+02,2.9510967100E+01,PGC35285,35285,172.002457,29.511009,200.628555,71.510612,gauss15,1,1,1,1,1,1,222.9,188.9,0.192,0.192,1.5783E-04,4.9611E-04,2.2204E-04,7.0155E-04,0.00232,0.01014,0.00267,0.00652,1.8859E-02,2.3256E-02,1.5632E-01,1.6268E-01,0,0.000,0.000,0,0,0.000,0.000,0,0,0.099,0.033,0,0,0.055,0.015,0,0,0.000,0.000,0,0,0.000,0.000,0,3.0055E-02,0,2.5518E-03,1.2713E-06,2.5167E-06,3.5076E-03,1.7857E-06,3.5139E-06,4.1040E-02,8.2054E-06,5.8563E-05,2.2114E-02,1.6864E-05,4.1416E-05,5.2457E-02,2.9171E-04,3.2396E-04,6.0334E-02,1.0790E-03,1.1230E-03,36.000,0.125,0.431,SSFRLIKE,10.18,0.10,-0.28,0.20,FUV+WISE4,-0.28,-20.603,1,"<a href=""/data/WISE/z0MGS/images/PGC35285.html"">Summary</a>"
36,0.045286,-121.111947,NGC3811,1.7531935200E+02,4.7690840500E+01,PGC36265,36265,175.319336,47.690834,151.963715,65.290154,gauss15,0,0,1,1,1,1,null,null,null,null,null,null,null,null,0.00180,0.04612,0.00256,0.02591,1.6445E-02,1.8758E-02,1.2641E-01,1.3983E-01,0,0.000,0.000,0,0,0.000,0.000,0,0,0.000,0.000,0,0,0.000,0.000,0,0,0.000,0.000,0,0,0.000,0.000,0,0.0000E+00,0,null,null,null,null,null,null,5.5187E-02,1.6062E-05,2.5224E-04,3.4481E-02,3.0745E-05,1.4273E-04,1.5776E-01,4.3055E-04,4.7447E-04,2.5625E-01,1.5372E-03,1.7004E-03,63.970,0.125,0.233,W4W1,10.54,0.10,0.60,0.20,WISE4,null,-21.410,0,"<a href=""/data/WISE/z0MGS/images/PGC36265.html"">Summary</a>"
37,0.494975,52.710050,NGC3815,1.7541365250E+02,2.4800421400E+01,PGC36288,36288,175.413773,24.800505,217.465073,74.156738,gauss15,1,1,1,1,1,1,78.3,87.7,0.260,0.260,2.0851E-04,2.5538E-04,2.6714E-04,3.8823E-04,0.00327,0.02979,0.00335,0.01687,1.9561E-02,2.2483E-02,1.4612E-01,1.5175E-01,0,0.000,0.000,0,0,0.000,0.000,0,0,0.000,0.000,0,0,0.000,0.000,0,0,0.000,0.000,0,0,0.000,0.000,0,0.0000E+00,0,1.2703E-03,3.9236E-07,2.1561E-06,1.8512E-03,2.4015E-06,3.0842E-06,3.0034E-02,1.1840E-05,1.7426E-04,1.7495E-02,2.1889E-05,1.0306E-04,6.0260E-02,2.8177E-04,3.0973E-04,6.9257E-02,1.0219E-03,1.0613E-03,55.770,0.113,0.419,SSFRLIKE,10.41,0.10,0.00,0.20,FUV+WISE4,-0.16,-20.152,0,"<a href=""/data/WISE/z0MGS/images/PGC36288.html"">Summary</a>"
38,1.336226,25.861919,NGC3994,1.7940343350E+02,3.2277334000E+01,PGC37616,37616,179.403625,32.277668,185.910873,77.241303,gauss15,1,1,1,1,1,1,128.5,170.3,0.189,0.189,2.2807E-04,2.5457E-02,1.8868E-04,3.6361E-02,0.00241,0.10807,0.00343,0.07153,1.9093E-02,4.7454E-01,1.4961E-01,1.3475E+00,0,0.000,0.000,0,0,0.000,0.000,0,0,0.000,0.000,0,0,0.000,0.000,0,0,0.000,0.000,0,0,0.000,0.000,0,1.0582E-01,1,1.8906E-03,1.2383E-06,6.8696E-05,3.0729E-03,1.1478E-06,9.3459E-05,5.4506E-02,6.4035E-06,2.7997E-04,3.5184E-02,1.2101E-05,1.9140E-04,2.1250E-01,1.6906E-04,1.3560E-03,3.5723E-01,6.4923E-04,5.8474E-03,46.946,0.134,0.295,SSFRLIKE,10.37,0.10,0.44,0.20,FUV+WISE4,0.31,-20.575,1,"<a href=""/data/WISE/z0MGS/images/PGC37616.html"">Summary</a>"
39,0.085490,113.318041,NGC4047,1.8071107200E+02,4.8636224600E+01,PGC38042,38042,180.711105,48.636215,143.360535,66.519630,gauss15,1,1,1,1,1,1,111.7,100.6,0.200,0.200,2.2498E-04,2.6412E-04,2.4610E-04,7.7480E-04,0.00208,0.00956,0.00223,0.00631,1.4433E-02,2.2032E-02,1.0418E-01,1.1525E-01,0,0.000,0.000,0,0,0.000,0.000,0,0,0.117,0.248,1,0,0.037,0.072,0,0,0.000,0.000,0,0,0.000,0.000,0,0.0000E+00,0,2.3830E-03,2.1220E-06,2.8862E-06,4.2096E-03,2.8395E-06,3.5596E-06,8.0844E-02,1.1814E-05,7.4841E-05,4.9812E-02,2.0172E-05,5.3500E-05,2.4214E-01,2.6964E-04,3.1791E-04,3.4119E-01,9.6583E-04,1.0684E-03,53.407,0.119,0.360,SSFRLIKE,10.73,0.10,0.55,0.20,FUV+WISE4,0.18,-21.191,0,"<a href=""/data/WISE/z0MGS/images/PGC38042.html"">Summary</a>"
40,0.087162,-39.804889,NGC4149,1.8263697750E+02,5.8304058500E+01,PGC38741,38741,182.636948,58.304077,133.070114,58.012222,gauss15,1,1,1,1,1,1,95.0,241.8,0.169,0.169,2.5729E-04,5.5717E-04,1.5597E-04,6.7356E-04,0.00234,0.01617,0.00350,0.00972,1.2903E-02,1.9792E-02,1.1170E-01,1.1795E-01,0,0.000,0.000,0,0,0.000,0.000,0,0,0.000,0.000,0,0,0.000,0.000,0,0,0.000,0.000,0,0,0.000,0.000,0,0.0000E+00,0,2.1191E-04,1.5020E-06,2.9086E-06,5.1862E-04,1.2080E-06,2.8357E-06,4.6569E-02,8.8903E-06,9.8649E-05,2.9255E-02,1.6754E-05,6.0488E-05,8.1429E-02,1.9159E-04,2.2426E-04,1.0441E-01,7.0924E-04,7.4890E-04,48.106,0.131,0.484,SSFRLIKE,10.53,0.10,-0.11,0.20,FUV+WISE4,-0.35,-20.606,1,"<a href=""/data/WISE/z0MGS/images/PGC38741.html"">Summary</a>"
41,0.131286,-89.528652,NGC4185,1.8334258650E+02,2.8510968900E+01,PGC38995,38995,183.342545,28.510969,201.400040,81.472649,gauss15,1,1,1,1,1,1,106.3,98.6,0.183,0.183,1.8951E-04,2.5623E-04,2.7093E-04,4.9072E-04,0.00302,0.02710,0.00321,0.01672,1.8243E-02,8.3155E-02,1.3688E-01,2.9356E-01,0,0.000,0.000,0,0,0.062,0.100,0,0,0.143,0.323,1,0,0.090,0.231,1,0,0.000,0.000,0,0,0.000,0.000,0,0.0000E+00,0,2.3513E-03,1.6382E-06,2.9631E-06,3.2540E-03,3.4785E-06,5.5063E-06,5.4982E-02,1.8022E-05,2.6410E-04,3.0985E-02,2.9787E-05,1.5925E-04,7.2003E-02,3.8380E-04,7.4646E-04,7.5341E-02,1.3875E-03,2.9757E-03,58.749,0.107,0.468,SSFRLIKE,10.76,0.10,0.18,0.20,FUV+WISE4,-0.22,-20.814,0,"<a href=""/data/WISE/z0MGS/images/PGC38995.html"">Summary</a>"
42,0.090582,173.499092,NGC4210,1.8381601800E+02,6.5985376600E+01,PGC39184,39184,183.816025,65.985352,128.732681,50.733677,gauss15,0,1,1,1,1,1,null,1499.8,null,0.158,null,null,8.8794E-05,9.2116E-04,0.00258,0.69638,0.00286,0.35674,1.4013E-02,6.4132E-02,1.1022E-01,1.1944E-01,0,0.000,0.000,0,0,0.000,0.000,0,0,0.000,0.000,0,0,0.000,0.000,0,0,0.000,0.000,0,0,0.000,0.000,0,0.0000E+00,0,null,null,null,3.2808E-03,9.3800E-07,8.8302E-06,4.5574E-02,1.5451E-05,7.3558E-03,2.6890E-02,2.4703E-05,3.8172E-03,7.4732E-02,3.2998E-04,7.9422E-04,8.1321E-02,1.2203E-03,1.3224E-03,43.411,0.146,0.413,SSFRLIKE,10.37,0.12,-0.02,0.20,NUV+WISE4,-0.15,-20.127,1,"<a href=""/data/WISE/z0MGS/images/PGC39184.html"">Summary</a>"
43,null,null,NGC4211NED02,1.8390551100E+02,2.8169634000E+01,null,null,null,null,null,null,null,null,null,null,null,null,null,null,null,null,null,null,null,null,null,null,null,null,null,null,null,null,null,null,null,null,null,null,null,null,null,null,null,null,null,null,null,null,null,null,null,null,null,null,null,null,null,null,null,null,null,null,null,null,null,null,null,null,null,null,null,null,null,null,null,null,null,null,null,null,null,null,null,null,null,null,null,null,null,null
44,0.861811,29.366610,NGC4470,1.8740739750E+02,7.8239014000E+00,PGC41189,41189,187.407516,7.824110,286.944855,70.015968,gauss15,1,1,1,1,1,1,78.4,1237.1,0.210,0.210,2.3145E-04,2.9797E-04,1.0659E-04,2.5541E-04,0.00576,0.01289,0.00402,0.00781,2.2183E-02,2.7289E-02,1.3460E-01,1.4264E-01,0,0.000,0.000,0,0,0.000,0.000,0,0,0.000,0.000,0,0,0.000,0.000,0,0,0.000,0.000,0,0,0.000,0.000,0,0.0000E+00,0,4.2405E-03,7.2798E-07,2.4806E-06,5.8642E-03,8.5620E-07,1.5599E-06,3.8713E-02,2.1122E-05,7.9997E-05,2.2553E-02,2.5253E-05,5.2828E-05,1.0555E-01,2.7200E-04,2.9830E-04,1.5307E-01,9.6892E-04,1.0268E-03,16.800,0.125,0.305,SSFRLIKE,9.34,0.10,-0.62,0.20,FUV+WISE4,-0.08,-18.400,1,"<a href=""/data/WISE/z0MGS/images/PGC41189.html"">Summary</a>"
45,0.050135,-3.529078,NGC4644,1.9067775150E+02,5.5145490100E+01,PGC42708,42708,190.677750,55.145504,125.582748,61.937950,gauss15,0,0,1,1,1,1,null,null,null,null,null,null,null,null,0.00213,0.04246,0.00306,0.02487,1.5665E-02,7.0718E-02,1.1649E-01,2.1029E-01,0,0.000,0.000,0,0,0.000,0.000,0,0,0.000,0.000,0,0,0.000,0.000,0,0,0.000,0.000,0,0,0.000,0.000,0,5.3364E-02,0,null,null,null,null,null,null,1.9841E-02,9.5682E-06,2.9437E-04,1.1356E-02,1.7702E-05,1.7345E-04,2.9972E-02,2.3611E-04,5.2261E-04,3.6896E-02,8.5876E-04,1.5502E-03,75.405,0.084,0.392,W4W1,10.46,0.10,-0.10,0.20,WISE4,null,-20.457,0,"<a href=""/data/WISE/z0MGS/images/PGC42708.html"">Summary</a>"
46,0.372760,152.565830,NGC4676A,1.9154199750E+02,3.0732059800E+01,PGC43062,43062,191.542053,30.731968,140.359940,86.216530,gauss15,1,1,1,1,1,1,1532.9,1785.1,0.141,0.141,5.4744E-05,2.0723E-04,8.6379E-05,3.7326E-04,0.00237,0.01270,0.00276,0.00811,1.5721E-02,2.1590E-02,1.2178E-01,1.3851E-01,0,0.000,0.000,0,0,0.000,0.000,0,0,0.009,0.000,0,0,0.000,0.000,0,0,0.000,0.000,0,0,0.000,0.000,0,2.0366E-01,1,8.5832E-04,6.3002E-07,2.0721E-06,1.3123E-03,8.4973E-07,3.6818E-06,5.0880E-02,1.4884E-05,1.2685E-04,3.0468E-02,2.7798E-05,8.2203E-05,1.1333E-01,3.8003E-04,4.2707E-04,2.4923E-01,1.2480E-03,1.4195E-03,98.311,0.064,0.351,SSFRLIKE,11.05,0.10,0.91,0.20,FUV+WISE4,0.32,-20.603,0,"<a href=""/data/WISE/z0MGS/images/PGC43062.html"">Summary</a>"
47,0.025173,97.394987,NGC4711,1.9219107750E+02,3.5332715000E+01,PGC43286,43286,192.191086,35.332714,126.746834,81.775841,gauss15,1,1,1,1,1,1,89.2,82.9,0.185,0.185,1.8420E-04,2.2111E-04,2.1338E-04,2.4692E-04,0.00234,0.10462,0.00227,0.05817,1.4872E-02,2.0875E-02,1.2994E-01,1.4128E-01,0,0.000,0.000,0,0,0.000,0.000,0,0,0.000,0.000,0,0,0.000,0.000,0,0,0.000,0.000,0,0,0.000,0.000,0,0.0000E+00,0,1.1875E-03,9.6624E-07,1.6536E-06,1.6467E-03,1.6523E-06,1.9286E-06,2.4054E-02,8.8594E-06,6.1342E-04,1.3951E-02,1.6217E-05,3.4473E-04,5.4705E-02,2.0773E-04,2.3730E-04,7.2828E-02,7.7023E-04,8.3746E-04,61.716,0.102,0.381,SSFRLIKE,10.36,0.10,0.09,0.20,FUV+WISE4,-0.03,-20.177,0,"<a href=""/data/WISE/z0MGS/images/PGC43286.html"">Summary</a>"
48,0.690228,-3.838187,NGC4961,1.9644831750E+02,2.7733872800E+01,PGC45311,45311,196.448303,27.734064,44.521988,86.757790,gauss15,1,1,1,1,1,1,2613.2,3618.8,0.096,0.096,5.9294E-05,1.5564E-04,7.0143E-05,2.0261E-04,0.00252,0.01766,0.00300,0.01155,1.5497E-02,2.1621E-02,1.1732E-01,1.2979E-01,0,0.000,0.000,0,0,0.000,0.000,0,0,0.000,0.000,0,0,0.000,0.000,0,0,0.000,0.000,0,0,0.000,0.000,0,4.1551E-02,0,2.7554E-03,3.8738E-07,7.4639E-07,3.6779E-03,4.4186E-07,1.0793E-06,1.9443E-02,9.7235E-06,1.1538E-04,1.2260E-02,1.7909E-05,7.4722E-05,6.6627E-02,2.0553E-04,2.4173E-04,8.1549E-02,7.4958E-04,8.2924E-04,33.900,0.125,0.280,SSFRLIKE,9.61,0.10,-0.25,0.20,FUV+WISE4,0.12,-18.936,1,"<a href=""/data/WISE/z0MGS/images/PGC45311.html"">Summary</a>"
49,0.143810,-51.073121,NGC5000,1.9744789650E+02,2.8906842900E+01,PGC45658,45658,197.447861,28.906868,57.703026,85.576652,gauss15,1,1,1,1,1,1,1784.7,3842.7,0.076,0.076,4.9779E-05,8.9971E-05,7.5342E-05,1.4380E-03,0.00242,0.07981,0.00285,0.04324,1.4281E-02,1.8986E-02,1.0995E-01,1.1650E-01,0,0.000,0.000,0,0,0.000,0.000,0,0,0.000,0.000,0,0,0.000,0.000,0,0,0.000,0.000,0,0,0.000,0.000,0,0.0000E+00,0,1.0470E-03,4.1844E-07,7.0612E-07,1.5271E-03,4.9407E-07,1.1366E-05,2.6816E-02,1.1794E-05,6.1563E-04,1.5482E-02,2.0433E-05,3.3744E-04,5.4666E-02,2.3349E-04,2.7045E-04,1.0364E-01,8.7400E-04,9.2611E-04,84.411,0.075,0.363,SSFRLIKE,10.66,0.10,0.46,0.20,FUV+WISE4,0.14,-20.886,0,"<a href=""/data/WISE/z0MGS/images/PGC45658.html"">Summary</a>"
50,0.224457,-45.243133,NGC5016,1.9802789550E+02,2.4094989700E+01,PGC45836,45836,198.027847,24.095034,1.012418,84.440323,gauss15,1,1,1,1,1,1,198.8,177.6,0.113,0.113,1.4911E-04,1.6280E-04,2.0447E-04,5.5972E-04,0.00258,0.01778,0.00300,0.01029,1.9449E-02,2.2282E-02,1.4783E-01,1.5990E-01,0,0.000,0.000,0,0,0.000,0.000,0,0,0.000,0.000,0,0,0.000,0.000,0,0,0.000,0.000,0,0,0.000,0.000,0,0.0000E+00,0,3.4017E-03,1.6642E-06,1.8097E-06,4.6884E-03,2.3091E-06,5.9521E-06,4.7107E-02,1.4318E-05,1.6123E-04,2.6224E-02,2.6585E-05,9.4227E-05,1.0340E-01,3.7124E-04,4.1283E-04,1.4169E-01,1.3358E-03,1.4448E-03,40.200,0.125,0.359,SSFRLIKE,10.25,0.10,0.07,0.20,FUV+WISE4,0.02,-20.243,1,"<a href=""/data/WISE/z0MGS/images/PGC45836.html"">Summary</a>"
51,0.366892,0.964337,NGC5056,1.9905134400E+02,3.0950244100E+01,PGC46180,46180,199.051346,30.950346,69.628227,83.375427,gauss15,1,1,1,1,1,1,179.2,170.7,0.099,0.099,1.6569E-04,2.0177E-04,2.0355E-04,5.4124E-04,0.00400,1.21044,0.00376,1.14940,1.4022E-02,2.3891E-01,9.9334E-02,1.3738E-01,0,0.000,0.000,0,0,0.000,0.000,0,0,0.000,0.000,0,0,0.000,0.000,0,0,0.000,0.000,0,0,0.000,0.000,0,0.0000E+00,0,2.7350E-03,1.4514E-06,1.7362E-06,3.4227E-03,1.8552E-06,2.8065E-06,2.5625E-02,1.4001E-05,4.4688E-03,1.5568E-02,2.0982E-05,2.6613E-03,7.9524E-02,2.1605E-04,4.6854E-04,1.1855E-01,7.5657E-04,1.0464E-03,84.411,0.075,0.292,SSFRLIKE,10.54,0.12,0.63,0.20,FUV+WISE4,0.38,-21.529,0,"<a href=""/data/WISE/z0MGS/images/PGC46180.html"">Summary</a>"
52,0.165454,-74.606218,NGC5205,2.0251511100E+02,6.2511523400E+01,PGC47425,47425,202.515015,62.511536,115.355370,54.045059,gauss15,1,1,1,1,1,1,222.9,310.1,0.195,0.195,1.5228E-04,2.6700E-04,1.5554E-04,1.6106E-03,0.00253,0.04858,0.00246,0.02683,9.8422E-03,1.3948E-02,7.8761E-02,8.8332E-02,0,0.000,0.000,0,0,0.000,0.000,0,0,0.000,0.000,0,0,0.000,0.000,0,0,0.000,0.000,0,0,0.000,0.000,0,0.0000E+00,0,1.9789E-03,1.5189E-06,2.0045E-06,2.7500E-03,1.4604E-06,1.2426E-05,3.7478E-02,9.5658E-06,3.9568E-04,2.1448E-02,1.5942E-05,2.2022E-04,6.3062E-02,1.6859E-04,1.9585E-04,6.5436E-02,6.3171E-04,7.0847E-04,29.600,0.125,0.431,SSFRLIKE,9.97,0.10,-0.48,0.20,FUV+WISE4,-0.35,-19.398,1,"<a href=""/data/WISE/z0MGS/images/PGC47425.html"">Summary</a>"
53,0.483670,105.808018,NGC5218,2.0304303750E+02,6.2767778800E+01,PGC47603,47603,203.043320,62.767742,115.070648,53.734516,gauss15,1,1,1,1,1,1,161.5,199.9,0.179,0.179,1.8136E-04,3.9662E-04,1.9058E-04,1.1800E-03,0.00305,0.08225,0.00348,0.04412,1.1009E-02,2.2160E-02,7.5805E-02,8.6197E-02,0,0.000,0.000,0,0,0.000,0.000,0,0,0.000,0.000,0,0,0.000,0.000,0,0,0.000,0.000,0,0,0.000,0.000,0,0.0000E+00,0,4.2580E-04,2.2038E-06,3.8440E-06,1.0868E-03,2.2275E-06,1.1453E-05,7.6553E-02,1.4564E-05,7.9294E-04,4.8056E-02,2.2937E-05,4.3370E-04,2.3437E-01,2.0886E-04,2.8760E-04,7.7511E-01,7.4926E-04,8.5197E-04,47.424,0.096,0.245,SSFRLIKE,10.44,0.10,0.73,0.20,FUV+WISE4,0.55,-20.668,1,"<a href=""/data/WISE/z0MGS/images/PGC47603.html"">Summary</a>"
54,0.024738,-100.904890,NGC5394,2.0964017550E+02,3.7453496300E+01,PGC49739,49739,209.640167,37.453495,73.272697,72.500809,gauss15,1,1,1,1,1,1,2878.2,3346.3,0.088,0.088,4.8164E-05,2.6044E-04,7.8526E-05,1.5589E-03,0.00208,0.03192,0.00253,0.01827,1.5590E-02,3.1464E-02,1.1596E-01,1.2975E-01,0,0.000,0.000,0,0,0.101,0.060,0,0,0.175,0.067,0,0,0.135,0.044,0,0,0.046,0.003,0,0,0.000,0.000,0,1.4778E-01,1,1.2672E-03,9.1733E-07,2.9677E-06,2.5973E-03,1.1972E-06,2.6606E-05,6.9147E-02,2.4251E-05,4.6691E-04,4.3973E-02,4.3179E-05,2.7023E-04,3.0927E-01,5.6721E-04,6.6032E-04,1.0598E+00,2.0279E-03,2.2692E-03,54.001,0.117,0.200,SSFRLIKE,10.42,0.10,0.99,0.20,FUV+WISE4,0.82,-20.718,0,"<a href=""/data/WISE/z0MGS/images/PGC49739.html"">Summary</a>"
55,0.013212,107.440947,NGC5406,2.1008381250E+02,3.8915429300E+01,PGC49847,49847,210.083817,38.915428,76.633675,71.416122,gauss15,1,1,1,1,1,1,321.6,320.5,0.100,0.100,1.0845E-04,1.4665E-04,1.3840E-04,2.2282E-04,0.00329,0.01081,0.00390,0.00739,1.4634E-02,1.9517E-02,1.1585E-01,1.2286E-01,0,0.000,0.000,0,0,0.000,0.000,0,0,0.000,0.000,0,0,0.000,0.000,0,0,0.000,0.000,0,0,0.000,0.000,0,0.0000E+00,0,1.7210E-03,1.2949E-06,1.6339E-06,2.5170E-03,1.5689E-06,2.2993E-06,6.6516E-02,1.8250E-05,1.0012E-04,3.7829E-02,2.8200E-05,6.9395E-05,8.7370E-02,3.1587E-04,3.5620E-04,1.0773E-01,1.1272E-03,1.1953E-03,81.997,0.077,0.484,SSFRLIKE,11.15,0.10,0.51,0.20,FUV+WISE4,-0.14,-21.767,0,"<a href=""/data/WISE/z0MGS/images/PGC49847.html"">Summary</a>"
56,0.144393,-170.002049,NGC5480,2.1158994600E+02,5.0725144800E+01,PGC50312,50312,211.589935,50.725105,96.866737,62.442638,gauss15,0,0,1,1,1,1,null,null,null,null,null,null,null,null,0.00268,0.14190,0.00277,0.07703,1.4410E-02,3.1299E-02,1.0512E-01,1.1910E-01,0,0.000,0.000,0,0,0.000,0.000,0,0,0.036,0.012,0,0,0.015,0.004,0,0,0.000,0.000,0,0,0.000,0.000,0,0.0000E+00,0,null,null,null,null,null,null,6.8173E-02,1.3438E-05,9.5997E-04,4.3828E-02,2.3582E-05,5.3025E-04,2.7977E-01,2.8237E-04,3.8749E-04,4.0992E-01,1.0544E-03,1.1946E-03,30.500,0.125,0.200,W4W1,9.92,0.10,0.16,0.20,WISE4,null,-19.957,1,"<a href=""/data/WISE/z0MGS/images/PGC50312.html"">Summary</a>"
57,0.031392,67.050949,NGC5485,2.1179727300E+02,5.5001621700E+01,PGC50369,50369,211.797287,55.001625,101.803040,58.909656,gauss15,1,1,1,1,1,1,1616.7,1249.5,0.134,0.134,6.8241E-05,3.8129E-04,1.1180E-04,8.3341E-04,0.00352,0.03381,0.00369,0.01906,1.3471E-02,1.7990E-02,1.0526E-01,1.1217E-01,0,0.000,0.000,0,0,0.015,0.008,0,0,0.026,0.006,0,0,0.018,0.004,0,0,0.000,0.000,0,0,0.000,0.000,0,0.0000E+00,0,2.7986E-04,9.9778E-07,3.6720E-06,9.5231E-04,1.3697E-06,1.0208E-05,1.7456E-01,2.3510E-05,4.1148E-04,9.3957E-02,3.5138E-05,2.3392E-04,4.4432E-02,3.8520E-04,4.3005E-04,3.9901E-02,1.4106E-03,1.5032E-03,25.900,0.060,0.500,SSFRLIKE,10.58,0.10,-1.01,0.20,FUV+WISE4,null,-19.762,1,"<a href=""/data/WISE/z0MGS/images/PGC50369.html"">Summary</a>"
58,0.150360,157.545267,NGC5520,2.1309503700E+02,5.0348484500E+01,PGC50728,50728,213.095062,50.348446,94.766495,62.121960,gauss15,1,1,1,1,1,1,81.0,1629.3,0.155,0.155,2.7394E-04,3.3543E-04,8.2129E-05,5.9012E-04,0.00211,0.03658,0.00278,0.02100,1.3700E-02,4.4342E-02,1.0900E-01,1.3372E-01,0,0.000,0.000,0,0,0.000,0.000,0,0,0.000,0.000,0,0,0.000,0.000,0,0,0.000,0.000,0,0,0.000,0.000,0,0.0000E+00,0,2.3775E-03,1.9622E-06,3.0436E-06,3.7351E-03,6.9173E-07,4.3142E-06,4.3434E-02,9.4322E-06,2.7352E-04,2.7136E-02,1.7005E-05,1.5896E-04,1.4961E-01,2.2338E-04,3.8159E-04,2.2128E-01,8.2837E-04,1.0162E-03,30.500,0.125,0.315,SSFRLIKE,9.92,0.10,-0.09,0.20,FUV+WISE4,0.08,-19.646,1,"<a href=""/data/WISE/z0MGS/images/PGC50728.html"">Summary</a>"
59,0.514320,-122.708408,NGC5614,2.1603176250E+02,3.4858929600E+01,PGC51439,51439,216.031616,34.858852,59.957214,68.748329,gauss15,1,1,1,1,1,1,252.0,12487.9,0.134,0.134,1.4044E-04,3.0557E-04,1.2968E-04,3.6266E-03,0.00256,0.10127,0.00290,0.05581,1.4905E-02,4.4791E-02,1.1471E-01,1.4189E-01,0,0.000,0.000,0,0,0.043,0.066,0,0,0.077,0.112,0,0,0.059,0.098,0,0,0.000,0.000,0,0,0.000,0.000,0,0.0000E+00,0,9.2922E-04,2.6216E-06,4.2326E-06,1.7807E-03,1.2309E-06,4.9647E-05,1.4730E-01,2.2519E-05,1.4942E-03,8.3434E-02,3.9432E-05,8.3310E-04,1.6481E-01,4.8118E-04,7.7139E-04,1.4333E-01,1.7253E-03,2.1342E-03,60.506,0.105,0.500,SSFRLIKE,11.25,0.10,0.28,0.20,FUV+WISE4,-0.44,-21.547,0,"<a href=""/data/WISE/z0MGS/images/PGC51439.html"">Summary</a>"
60,0.506795,47.998771,NGC5633,2.1686804400E+02,4.6146428300E+01,PGC51620,51620,216.868195,46.146523,84.338448,63.134518,gauss15,0,0,1,1,1,1,null,null,null,null,null,null,null,null,0.00278,0.03892,0.00225,0.02056,1.3217E-02,1.7870E-02,1.0728E-01,1.1683E-01,0,0.000,0.000,0,0,0.000,0.000,0,0,0.000,0.000,0,0,0.000,0.000,0,0,0.000,0.000,0,0,0.000,0.000,0,0.0000E+00,0,null,null,null,null,null,null,5.8760E-02,7.3485E-06,1.9558E-04,3.6656E-02,1.3299E-05,1.0433E-04,2.2012E-01,1.6271E-04,1.8894E-04,3.0400E-01,6.2321E-04,6.7869E-04,36.500,0.125,0.214,W4W1,10.04,0.10,0.19,0.20,WISE4,null,-20.064,1,"<a href=""/data/WISE/z0MGS/images/PGC51620.html"">Summary</a>"
61,0.144887,-72.652666,NGC5657,2.1768174600E+02,2.9180741700E+01,PGC51850,51850,217.681702,29.180754,44.134834,68.059494,gauss15,1,1,1,1,1,1,2082.4,1977.2,0.159,0.159,6.4782E-05,1.6659E-04,8.0046E-05,4.8955E-04,0.00274,0.05241,0.00346,0.02825,1.2754E-02,1.7329E-02,9.1779E-02,1.0482E-01,0,0.000,0.000,0,0,0.000,0.000,0,0,0.000,0.000,0,0,0.000,0.000,0,0,0.000,0.000,0,0,0.000,0.000,0,0.0000E+00,0,8.5520E-04,5.8766E-07,1.2806E-06,1.2850E-03,6.9495E-07,3.4030E-06,2.9191E-02,1.2384E-05,4.2165E-04,1.8523E-02,2.1710E-05,2.2924E-04,8.1251E-02,2.1854E-04,2.5182E-04,1.7146E-01,7.5257E-04,8.5953E-04,61.122,0.104,0.314,SSFRLIKE,10.35,0.10,0.35,0.20,FUV+WISE4,0.23,-20.258,0,"<a href=""/data/WISE/z0MGS/images/PGC51850.html"">Summary</a>"
62,0.787949,-29.658419,NGC5682,2.1868800000E+02,4.8669533300E+01,PGC52107,52107,218.687836,48.669724,87.017242,60.626328,gauss15,1,1,1,1,1,1,1558.7,2368.4,0.282,0.282,8.4647E-05,2.8585E-03,7.3582E-05,5.4245E-03,0.00355,0.05304,0.00344,0.04363,1.2624E-02,1.4459E-01,1.2257E-01,4.3310E-01,0,0.000,0.000,0,0,0.000,0.000,0,0,0.000,0.000,0,0,0.000,0.000,0,0,0.000,0.000,0,0,0.000,0.000,0,0.0000E+00,0,9.5903E-04,4.1075E-07,1.2705E-05,1.4230E-03,3.6155E-07,2.3640E-05,8.3251E-03,7.8526E-06,2.0196E-04,5.0209E-03,1.1877E-05,1.7437E-04,1.9457E-02,1.3665E-04,6.3505E-04,3.5196E-02,5.5802E-04,1.9718E-03,38.900,0.125,0.295,SSFRLIKE,9.39,0.10,-0.54,0.20,FUV+WISE4,-0.02,-18.927,1,"<a href=""/data/WISE/z0MGS/images/PGC52107.html"">Summary</a>"
63,0.197220,-34.772999,NGC5732,2.2016245500E+02,3.8637684600E+01,PGC52438,52438,220.162415,38.637730,66.660477,64.481399,gauss15,1,1,1,1,1,1,93.1,88.5,0.133,0.133,2.1799E-04,2.7974E-04,2.8514E-04,3.8557E-04,0.00216,0.02752,0.00261,0.01533,1.3157E-02,1.6907E-02,8.8075E-02,1.0024E-01,0,0.000,0.000,0,0,0.000,0.000,0,0,0.000,0.000,0,0,0.000,0.000,0,0,0.000,0.000,0,0,0.000,0.000,0,0.0000E+00,0,1.2779E-03,1.2333E-06,1.9927E-06,1.8509E-03,2.0719E-06,2.6390E-06,1.3897E-02,7.1765E-06,1.5201E-04,8.5619E-03,1.3267E-05,8.5338E-05,3.6710E-02,1.3967E-04,1.6503E-04,4.8365E-02,5.0681E-04,5.7683E-04,58.157,0.109,0.329,SSFRLIKE,10.00,0.10,-0.06,0.20,FUV+WISE4,0.05,-20.018,0,"<a href=""/data/WISE/z0MGS/images/PGC52438.html"">Summary</a>"
64,0.271275,-11.274058,NGC5784,2.2356856200E+02,4.2557829400E+01,PGC53265,53265,223.568542,42.557903,72.709045,60.695496,gauss15,1,1,1,1,1,1,197.0,154.4,0.188,0.188,1.6971E-04,2.4734E-04,2.0816E-04,4.2098E-04,0.00292,0.02649,0.00349,0.01624,1.1026E-02,1.8424E-02,8.8181E-02,9.7109E-02,0,0.000,0.000,0,0,0.000,0.000,0,0,0.000,0.000,0,0,0.000,0.000,0,0,0.000,0.000,0,0,0.000,0.000,0,0.0000E+00,0,3.8474E-04,2.0880E-06,2.7097E-06,7.6845E-04,2.5874E-06,4.3887E-06,7.3230E-02,1.4740E-05,2.4427E-04,4.1135E-02,2.4122E-05,1.5185E-04,5.9653E-02,2.3799E-04,2.8652E-04,5.4829E-02,8.7102E-04,9.5921E-04,81.997,0.077,0.500,SSFRLIKE,11.21,0.10,0.13,0.20,FUV+WISE4,null,-21.089,0,"<a href=""/data/WISE/z0MGS/images/PGC53265.html"">Summary</a>"
65,0.033047,-16.536333,NGC5876,2.2738159650E+02,5.4506457100E+01,PGC54110,54110,227.381592,54.506466,89.921310,52.844421,gauss15,1,1,1,1,1,1,262.5,268.8,0.112,0.112,1.9065E-04,2.6813E-04,1.8145E-04,1.2652E-03,0.00192,0.07953,0.00215,0.04317,1.1378E-02,1.6645E-02,9.1751E-02,1.0201E-01,0,0.000,0.000,0,0,0.000,0.000,0,0,0.018,0.002,0,0,0.007,0.000,0,0,0.000,0.000,0,0,0.000,0.000,0,0.0000E+00,0,4.4137E-04,2.9579E-06,3.7831E-06,7.5183E-04,2.9458E-06,1.4395E-05,5.7790E-02,1.3285E-05,9.1088E-04,3.1342E-02,2.3747E-05,5.0413E-04,2.5585E-02,2.9741E-04,3.4607E-04,2.6453E-02,1.0877E-03,1.2093E-03,51.642,0.122,0.500,SSFRLIKE,10.70,0.10,-0.50,0.20,FUV+WISE4,null,-20.292,0,"<a href=""/data/WISE/z0MGS/images/PGC54110.html"">Summary</a>"
66,0.233238,-11.883249,NGC5908,2.2918000050E+02,5.5409444400E+01,PGC54522,54522,229.179977,55.409508,90.247994,51.487450,gauss15,1,1,1,1,1,1,174.5,165.4,0.128,0.128,1.9796E-04,5.9522E-04,1.9654E-04,4.5423E-03,0.00228,0.14122,0.00262,0.07747,1.1490E-02,2.4611E-02,8.7234E-02,9.7895E-02,0,0.000,0.000,0,0,0.028,0.049,0,0,0.115,0.120,0,0,0.060,0.026,0,0,0.000,0.000,0,0,0.000,0.000,0,0.0000E+00,0,5.3332E-04,3.8472E-06,7.6471E-06,1.0405E-03,4.0107E-06,7.2514E-05,2.0238E-01,1.9549E-05,2.1993E-03,1.2791E-01,3.2851E-05,1.2226E-03,3.8014E-01,3.7631E-04,5.2798E-04,4.9467E-01,1.4058E-03,1.5776E-03,52.820,0.120,0.474,SSFRLIKE,11.24,0.10,0.64,0.20,FUV+WISE4,-0.07,-21.355,0,"<a href=""/data/WISE/z0MGS/images/PGC54522.html"">Summary</a>"
67,0.126809,85.277550,NGC5930,2.3153303400E+02,4.1676056800E+01,PGC55080,55080,231.533081,41.676060,67.854263,55.302921,gauss15,1,1,1,1,1,1,358.5,1785.6,0.209,0.209,1.3520E-04,2.3766E-04,9.2009E-05,6.7199E-04,0.00299,0.17179,0.00325,0.09820,1.0246E-02,2.5600E-02,7.7027E-02,9.7692E-02,0,0.000,0.000,0,0,0.000,0.000,0,0,0.000,0.000,0,0,0.000,0.000,0,0,0.000,0.000,0,0,0.000,0.000,0,2.3270E-01,1,7.0353E-04,1.3627E-06,2.1186E-06,1.4741E-03,7.4778E-07,5.4074E-06,1.0092E-01,1.1435E-05,1.4092E-03,6.3747E-02,1.8136E-05,8.1469E-04,3.0797E-01,1.6231E-04,2.6290E-04,1.3850E+00,6.4220E-04,8.1449E-04,32.200,0.125,0.200,SSFRLIKE,10.14,0.10,0.65,0.20,FUV+WISE4,0.67,-19.960,1,"<a href=""/data/WISE/z0MGS/images/PGC55080.html"">Summary</a>"
68,0.042307,-158.048648,NGC5934,2.3205318300E+02,4.2929931100E+01,PGC55178,55178,232.053177,42.929920,69.833183,54.646935,gauss15,1,1,1,1,1,1,183.7,500.4,0.256,0.256,2.2360E-04,2.8109E-04,1.2120E-04,1.5154E-03,0.00310,0.22666,0.00320,0.12400,1.0194E-02,4.1257E-02,7.0535E-02,8.3847E-02,0,0.000,0.000,0,0,0.000,0.000,0,0,0.000,0.000,0,0,0.000,0.000,0,0,0.000,0.000,0,0,0.000,0.000,0,4.2781E-02,0,1.3519E-04,1.1652E-06,1.4084E-06,3.3198E-04,7.0300E-07,6.9052E-06,4.0369E-02,7.4372E-06,9.3810E-04,2.3788E-02,1.0735E-05,5.1796E-04,6.9319E-02,9.0582E-05,1.9081E-04,9.3577E-02,3.1619E-04,3.7586E-04,84.996,0.074,0.481,SSFRLIKE,10.96,0.10,0.33,0.20,FUV+WISE4,-0.20,-20.675,0,"<a href=""/data/WISE/z0MGS/images/PGC55178.html"">Summary</a>"
69,0.028053,98.115052,NGC5947,2.3265245550E+02,4.2717156600E+01,PGC55274,55274,232.652466,42.717155,69.304550,54.267406,gauss15,1,1,1,1,1,1,303.0,741.1,0.285,0.285,1.5872E-04,3.2035E-04,1.0980E-04,1.0961E-03,0.00216,0.04993,0.00235,0.03095,8.6082E-03,2.5289E-02,6.1093E-02,7.4192E-02,0,0.000,0.000,0,0,0.000,0.000,0,0,0.000,0.000,0,0,0.000,0.000,0,0,0.000,0.000,0,0,0.000,0.000,0,0.0000E+00,0,1.3703E-03,1.3926E-06,2.1227E-06,1.8571E-03,8.7438E-07,6.9092E-06,2.1492E-02,7.5455E-06,3.3256E-04,1.3564E-02,1.3391E-05,2.0840E-04,4.0102E-02,1.2121E-04,1.8370E-04,6.6258E-02,4.0921E-04,4.9695E-04,90.448,0.070,0.365,SSFRLIKE,10.62,0.10,0.42,0.20,FUV+WISE4,0.12,-20.621,0,"<a href=""/data/WISE/z0MGS/images/PGC55274.html"">Summary</a>"
70,0.086833,-120.660093,NGC5953,2.3363500050E+02,1.5193805600E+01,PGC55480,55480,233.634979,15.193793,23.917759,50.346153,gauss15,1,1,1,1,1,1,1682.4,1420.1,0.432,0.432,7.3222E-05,9.6166E-05,9.2920E-05,2.4056E-03,0.00266,0.07886,0.00293,0.04233,1.5048E-02,2.0473E-02,8.5245E-02,9.9727E-02,0,0.000,0.000,0,0,0.167,0.156,0,0,0.236,0.297,1,0,0.192,0.193,0,0,0.074,0.033,0,0,0.000,0.000,0,1.1990E-01,1,1.5590E-03,8.6958E-07,1.0578E-06,3.6107E-03,9.9009E-07,2.3384E-05,1.0398E-01,1.4611E-05,7.5745E-04,6.7270E-02,2.6526E-05,4.1235E-04,4.5924E-01,2.3148E-04,2.7610E-04,9.9774E-01,8.1317E-04,9.5131E-04,25.500,0.125,0.249,SSFRLIKE,10.04,0.10,0.31,0.20,FUV+WISE4,0.40,-19.346,1,"<a href=""/data/WISE/z0MGS/images/PGC55480.html"">Summary</a>"
71,0.466011,44.328326,NGC5980,2.3537664600E+02,1.5787583300E+01,PGC55800,55800,235.376740,15.787676,25.808195,49.051826,gauss15,1,1,1,1,1,1,93.3,78.2,0.304,0.304,2.5584E-04,4.0612E-04,2.8565E-04,6.9527E-04,0.00244,0.15958,0.00274,0.08454,1.2915E-02,3.2085E-02,9.5620E-02,1.2158E-01,0,0.000,0.000,0,0,0.000,0.000,0,0,0.000,0.000,0,0,0.000,0.000,0,0,0.000,0.000,0,0,0.000,0.000,0,0.0000E+00,0,1.5495E-03,2.5529E-06,3.5913E-06,2.5129E-03,3.0969E-06,6.1708E-06,6.7514E-02,1.3019E-05,1.2973E-03,4.2930E-02,2.1923E-05,6.9271E-04,2.2898E-01,2.2183E-04,3.3314E-04,3.6708E-01,7.8553E-04,9.9876E-04,59.924,0.092,0.330,SSFRLIKE,10.72,0.10,0.65,0.20,FUV+WISE4,0.29,-21.653,0,"<a href=""/data/WISE/z0MGS/images/PGC55800.html"">Summary</a>"
72,0.105700,3.694120,NGC6004,2.3759464800E+02,1.8939217800E+01,PGC56166,56166,237.594650,18.939247,31.424177,48.244205,gauss15,1,1,1,1,1,1,179.3,151.9,0.356,0.356,2.0234E-04,4.3617E-04,2.2396E-04,2.3570E-03,0.00284,0.05489,0.00354,0.03067,1.2572E-02,3.2576E-02,1.2822E-01,1.4600E-01,0,0.000,0.000,0,0,0.035,0.007,0,0,0.058,0.021,0,0,0.046,0.017,0,0,0.008,0.000,0,0,0.000,0.000,0,0.0000E+00,0,2.0421E-03,2.9587E-06,4.7412E-06,2.8324E-03,3.3318E-06,2.9667E-05,5.5561E-02,1.8441E-05,6.3464E-04,3.1460E-02,3.3830E-05,3.5741E-04,1.0250E-01,2.9914E-04,4.5246E-04,1.5640E-01,1.5049E-03,1.7136E-03,58.749,0.107,0.404,SSFRLIKE,10.70,0.10,0.35,0.20,FUV+WISE4,-0.00,-20.849,0,"<a href=""/data/WISE/z0MGS/images/PGC56166.html"">Summary</a>"
73,0.184945,-57.371755,NGC6021,2.3937792900E+02,1.5955992700E+01,PGC56482,56482,239.377884,15.956020,28.258711,45.575710,gauss15,0,0,1,1,1,1,null,null,null,null,null,null,null,null,0.00281,0.18412,0.00332,0.09881,1.4435E-02,2.6377E-02,1.3935E-01,1.5302E-01,0,0.000,0.000,0,0,0.000,0.000,0,0,0.000,0.000,0,0,0.000,0.000,0,0,0.000,0.000,0,0,0.000,0.000,0,0.0000E+00,0,null,null,null,null,null,null,4.0608E-02,1.1625E-05,1.4232E-03,2.2997E-02,2.0612E-05,7.7711E-04,1.0241E-02,2.5216E-04,3.1832E-04,1.3312E-02,1.0590E-03,1.1630E-03,71.812,0.088,0.500,W4W1,10.84,0.10,-0.58,0.20,WISE4,null,-20.442,0,"<a href=""/data/WISE/z0MGS/images/PGC56482.html"">Summary</a>"
74,0.031997,88.065719,NGC6027,2.3980232850E+02,2.0763337800E+01,PGC56579,56579,239.802338,20.763338,34.978375,46.870251,gauss15,1,1,1,1,1,1,1654.2,2122.0,0.489,0.489,7.9035E-05,1.9305E-04,8.2873E-05,6.8964E-04,0.00224,0.09281,0.00298,0.05061,1.4248E-02,3.1092E-02,1.4174E-01,1.5903E-01,0,0.000,0.000,0,0,0.041,0.023,0,0,0.107,0.037,0,0,0.079,0.029,0,0,0.000,0.000,0,0,0.000,0.000,0,5.3553E-01,1,1.7151E-04,9.1162E-07,1.5327E-06,6.2536E-04,8.0389E-07,6.2739E-06,5.8509E-02,1.3071E-05,8.3637E-04,3.4618E-02,2.4804E-05,4.6419E-04,5.5522E-02,2.8202E-04,3.9652E-04,8.7695E-02,1.3502E-03,1.5149E-03,67.050,0.094,0.500,SSFRLIKE,10.93,0.10,0.10,0.20,FUV+WISE4,-0.40,-20.042,0,"<a href=""/data/WISE/z0MGS/images/PGC56579.html"">Summary</a>"
75,0.085545,113.039895,NGC6060,2.4146659050E+02,2.1484943200E+01,PGC57110,57110,241.466614,21.484934,36.653656,45.609928,gauss15,1,1,1,1,1,1,238.9,412.6,0.719,0.719,2.3864E-04,2.8201E-04,1.4680E-04,1.0630E-03,0.00283,0.10165,0.00314,0.05542,1.9047E-02,2.6767E-02,1.2354E-01,1.4205E-01,0,0.000,0.000,0,0,0.000,0.000,0,0,0.000,0.000,0,0,0.000,0.000,0,0,0.000,0.000,0,0,0.000,0.000,0,0.0000E+00,0,2.3080E-03,2.5969E-06,2.9574E-06,3.1016E-03,1.6974E-06,9.5115E-06,7.5775E-02,1.5712E-05,9.2034E-04,4.6825E-02,2.5764E-05,5.0766E-04,1.7269E-01,3.0723E-04,3.6807E-04,2.3729E-01,1.1744E-03,1.3503E-03,67.639,0.094,0.398,SSFRLIKE,10.96,0.10,0.63,0.20,FUV+WISE4,0.11,-20.891,0,"<a href=""/data/WISE/z0MGS/images/PGC57110.html"">Summary</a>"
76,0.365185,1.398527,NGC6063,2.4180410550E+02,7.9788715000E+00,PGC57205,57205,241.804108,7.978973,19.885195,39.953876,gauss15,1,1,1,1,1,1,1334.2,1600.6,0.410,0.410,8.2277E-05,1.9440E-04,1.0635E-04,4.2011E-04,0.00389,0.03146,0.00358,0.01769,2.0714E-02,2.5672E-02,1.4579E-01,1.6142E-01,0,0.000,0.000,0,0,0.000,0.000,0,0,0.126,0.054,0,0,0.079,0.026,0,0,0.000,0.000,0,0,0.000,0.000,0,0.0000E+00,0,1.6131E-03,8.1524E-07,1.3893E-06,2.2514E-03,8.2871E-07,3.0356E-06,2.4550E-02,1.3188E-05,2.4657E-04,1.4321E-02,2.3152E-05,1.4103E-04,4.0358E-02,3.5126E-04,3.9256E-04,4.8917E-02,1.1943E-03,1.3224E-03,37.500,0.125,0.403,SSFRLIKE,9.96,0.10,-0.39,0.20,FUV+WISE4,-0.25,-19.631,1,"<a href=""/data/WISE/z0MGS/images/PGC57205.html"">Summary</a>"
77,0.373784,-42.353396,NGC6081,2.4323697900E+02,9.8670278000E+00,PGC57506,57506,243.236908,9.867105,22.919237,39.591850,gauss15,1,1,1,1,1,1,181.9,142.4,0.391,0.391,2.0684E-04,3.7643E-04,2.2664E-04,6.1292E-04,0.00290,0.21507,0.00361,0.11408,1.8896E-02,3.0983E-02,1.3441E-01,1.5313E-01,0,0.000,0.000,0,0,0.000,0.000,0,0,0.000,0.000,0,0,0.000,0.000,0,0,0.000,0.000,0,0,0.000,0.000,0,0.0000E+00,0,1.0972E-04,1.9428E-06,2.8505E-06,2.8518E-04,2.2619E-06,4.6629E-06,4.5590E-02,1.2281E-05,1.7320E-03,2.5186E-02,2.1105E-05,9.2670E-04,2.0319E-02,2.9814E-04,3.7900E-04,2.1408E-02,1.0226E-03,1.1650E-03,77.197,0.082,0.500,SSFRLIKE,10.95,0.10,-0.35,0.20,FUV+WISE4,null,-20.375,0,"<a href=""/data/WISE/z0MGS/images/PGC57506.html"">Summary</a>"
78,0.063169,-25.023279,NGC6125,2.4479812500E+02,5.7984111100E+01,PGC57812,57812,244.798111,57.984127,88.354263,42.649952,gauss15,1,1,1,1,1,1,152.6,1314.2,0.105,0.105,2.3170E-04,3.1697E-04,1.1955E-04,4.7436E-04,0.00501,0.11790,0.00410,0.06300,8.1009E-03,1.8917E-02,5.3294E-02,6.3197E-02,0,0.000,0.000,0,0,0.000,0.000,0,0,0.000,0.000,0,0,0.000,0.000,0,0,0.000,0.000,0,0,0.000,0.000,0,0.0000E+00,0,2.1520E-04,2.6451E-06,3.4903E-06,4.9829E-04,1.1042E-06,3.8906E-06,9.5131E-02,2.0122E-05,1.1176E-03,5.0093E-02,2.1820E-05,6.0575E-04,1.6958E-02,1.5299E-04,2.3251E-04,1.1543E-02,5.2642E-04,6.2424E-04,74.199,0.085,0.500,SSFRLIKE,11.23,0.10,-0.53,0.20,FUV+WISE4,null,-21.480,0,"<a href=""/data/WISE/z0MGS/images/PGC57812.html"">Summary</a>"
79,0.325590,-16.759815,NGC6146,2.4629314050E+02,4.0892613600E+01,PGC58080,58080,246.293106,40.892700,64.788193,44.372238,gauss15,1,1,1,1,1,1,116.6,1487.4,0.070,0.070,2.2719E-04,6.7803E-04,8.6005E-05,1.2236E-03,0.00233,0.05674,0.00290,0.03287,9.9282E-03,7.0649E-02,1.1488E-01,1.4357E-01,0,0.000,0.000,0,0,0.008,0.002,0,0,0.016,0.002,0,0,0.008,0.001,0,0,0.000,0.000,0,0,0.000,0.000,0,0.0000E+00,0,7.8543E-05,2.1631E-06,4.2332E-06,2.9649E-04,6.8383E-07,6.5952E-06,6.2594E-02,1.0931E-05,3.2296E-04,3.4248E-02,1.7501E-05,1.8883E-04,1.4002E-02,1.7414E-04,4.0638E-04,1.2758E-02,9.4111E-04,1.1761E-03,133.230,0.048,0.500,SSFRLIKE,11.56,0.10,-0.09,0.20,FUV+WISE4,null,-22.279,0,"<a href=""/data/WISE/z0MGS/images/PGC58080.html"">Summary</a>"
80,0.073433,70.824607,NGC6155,2.4653466900E+02,4.8366780300E+01,PGC58115,58115,246.534698,48.366787,75.155327,43.713844,gauss15,1,1,1,1,1,1,3610.5,3016.3,0.118,0.118,5.2870E-05,1.2751E-04,9.0359E-05,1.0673E-02,0.00209,1.93288,0.00220,1.15030,9.2236E-03,1.9170E-01,6.9119E-02,9.4972E-02,0,0.000,0.000,0,0,0.000,0.000,0,0,0.029,0.007,0,0,0.019,0.003,0,0,0.000,0.000,0,0,0.000,0.000,0,0.0000E+00,0,2.0964E-03,3.9427E-07,8.7317E-07,3.5045E-03,5.2388E-07,7.5494E-05,4.3020E-02,7.6977E-06,1.2795E-02,2.6735E-02,1.3733E-05,8.0697E-03,1.4182E-01,1.3276E-04,1.4283E-03,2.0886E-01,4.8836E-04,6.7103E-04,36.000,0.125,0.326,SSFRLIKE,10.07,0.15,0.03,0.20,FUV+WISE4,0.09,-20.105,1,"<a href=""/data/WISE/z0MGS/images/PGC58115.html"">Summary</a>"
81,9.470108,115.603464,NGC6168,2.4783710250E+02,2.0185524000E+01,PGC58423,58423,247.839630,20.184387,37.504982,39.546081,gauss15,1,1,1,1,1,1,95.3,116.7,0.564,0.564,3.2364E-04,3.8884E-04,2.4466E-04,4.6143E-03,0.00264,0.98393,0.00304,0.51993,1.7532E-02,1.0184E-01,1.2466E-01,2.0902E-01,0,0.000,0.000,0,0,0.192,0.191,0,0,0.248,0.230,1,0,0.224,0.203,1,0,0.152,0.065,0,0,0.000,0.000,0,0.0000E+00,0,8.7474E-04,3.2283E-06,3.6886E-06,1.2249E-03,2.6662E-06,3.4447E-05,2.4639E-02,1.2654E-05,7.5417E-03,1.5679E-02,2.0165E-05,4.0824E-03,8.4274E-02,2.9579E-04,8.8992E-04,1.5428E-01,1.0203E-03,1.7107E-03,30.300,0.125,0.301,SSFRLIKE,9.65,0.15,-0.30,0.20,FUV+WISE4,0.04,-19.057,1,"<a href=""/data/WISE/z0MGS/images/PGC58423.html"">Summary</a>"
82,0.360001,-90.744845,NGC6186,2.4860632350E+02,2.1540887200E+01,PGC58523,58523,248.606216,21.540886,39.464905,39.298988,gauss15,1,1,1,1,1,1,115.8,115.0,0.413,0.413,2.7849E-04,3.1659E-04,2.6418E-04,5.5896E-04,0.00316,0.22927,0.00314,0.11702,1.7348E-02,2.9479E-02,1.3181E-01,1.4667E-01,0,0.000,0.000,0,0,0.035,0.019,0,0,0.195,0.125,0,0,0.035,0.012,0,0,0.000,0.000,0,0,0.000,0.000,0,0.0000E+00,0,1.0159E-03,2.6329E-06,2.9181E-06,1.8388E-03,2.5668E-06,4.4648E-06,5.9000E-02,1.0533E-05,1.5809E-03,3.5972E-02,1.8494E-05,8.2543E-04,1.5031E-01,2.7879E-04,3.5075E-04,2.8482E-01,1.0006E-03,1.1134E-03,46.345,0.137,0.352,SSFRLIKE,10.47,0.10,0.31,0.20,FUV+WISE4,0.11,-19.666,1,"<a href=""/data/WISE/z0MGS/images/PGC58523.html"">Summary</a>"
83,0.120713,-125.349564,NGC6301,2.5713642000E+02,4.2339012500E+01,PGC59681,59681,257.136383,42.338993,67.165550,36.344437,gauss15,1,1,1,1,1,1,266.0,1702.3,0.248,0.248,1.5552E-04,7.6033E-04,8.5655E-05,5.8770E-03,0.00290,0.47594,0.00294,0.24660,1.4456E-02,1.0457E-01,1.0712E-01,2.6529E-01,0,0.000,0.000,0,0,0.304,0.397,1,0,0.411,0.676,1,0,0.323,0.575,1,0,0.228,0.348,1,0,0.000,0.000,0,0.0000E+00,0,1.6851E-03,1.7724E-06,5.9805E-06,2.2827E-03,7.7964E-07,5.0845E-05,3.2938E-02,1.3596E-05,4.1743E-03,1.9234E-02,2.0304E-05,2.1963E-03,5.8568E-02,2.7582E-04,8.8234E-04,7.6292E-02,9.8347E-04,2.4357E-03,126.415,0.050,0.407,SSFRLIKE,11.15,0.11,0.78,0.20,FUV+WISE4,0.14,-21.603,0,"<a href=""/data/WISE/z0MGS/images/PGC59681.html"">Summary</a>"
84,0.045034,50.837195,NGC6310,2.5698936000E+02,6.0990115800E+01,PGC59662,59662,256.989380,60.990124,90.313621,35.951591,gauss15,1,1,1,1,1,1,151.0,1224.2,0.236,0.236,1.6422E-04,3.0834E-04,1.4587E-04,1.6612E-03,0.00262,0.07255,0.00255,0.03843,8.5070E-03,1.3801E-02,6.0031E-02,6.8147E-02,0,0.000,0.000,0,0,0.000,0.000,0,0,0.000,0.000,0,0,0.000,0.000,0,0,0.000,0.000,0,0,0.000,0.000,0,0.0000E+00,0,5.7037E-04,1.8359E-06,2.9373E-06,8.6335E-04,9.8305E-07,1.3678E-05,4.0065E-02,9.7910E-06,5.7405E-04,2.2693E-02,1.5350E-05,3.1002E-04,3.3120E-02,1.3510E-04,1.6772E-04,3.3779E-02,4.9178E-04,5.5826E-04,54.001,0.117,0.500,SSFRLIKE,10.58,0.10,-0.35,0.20,FUV+WISE4,-0.62,-20.924,0,"<a href=""/data/WISE/z0MGS/images/PGC59662.html"">Summary</a>"
85,0.349734,-132.474068,NGC6314,2.5816139400E+02,2.3270180500E+01,PGC59838,59838,258.161316,23.270115,44.877491,31.450771,gauss15,1,1,1,1,1,1,108.7,85.9,0.584,0.584,2.6821E-04,6.4724E-04,2.6117E-04,1.8873E-02,0.00341,0.56930,0.00382,0.30929,1.7780E-02,8.0100E-02,1.2594E-01,2.5565E-01,0,0.000,0.000,0,0,0.011,0.007,0,0,0.067,0.029,0,0,0.022,0.004,0,0,0.000,0.000,0,0,0.000,0.000,0,0.0000E+00,0,6.0986E-05,2.1510E-06,3.3204E-06,3.6130E-04,2.2897E-06,1.1550E-04,4.5913E-02,1.0839E-05,3.3234E-03,2.6417E-02,1.7136E-05,1.8347E-03,4.6385E-02,2.3619E-04,4.8170E-04,5.0213E-02,7.9964E-04,1.6232E-03,100.138,0.063,0.500,SSFRLIKE,11.18,0.10,0.20,0.20,FUV+WISE4,-0.47,-21.715,0,"<a href=""/data/WISE/z0MGS/images/PGC59838.html"">Summary</a>"
86,0.082661,-65.285658,NGC6361,2.5967133750E+02,6.0608118000E+01,PGC60045,60045,259.671295,60.608128,89.652168,34.700027,gauss15,1,1,1,1,1,1,20757.6,32919.2,0.233,0.233,3.7632E-05,1.1942E-04,5.9433E-05,6.7917E-03,0.00261,0.25051,0.00270,0.13609,8.7957E-03,2.5563E-02,5.9128E-02,6.6669E-02,0,0.000,0.000,0,0,0.000,0.000,0,0,0.005,0.000,0,0,0.000,0.000,0,0,0.000,0.000,0,0,0.000,0.000,0,3.2953E-02,0,4.9702E-04,3.1737E-07,7.8804E-07,8.5218E-04,3.7853E-07,6.0265E-05,9.3440E-02,1.0453E-05,2.3208E-03,6.1522E-02,1.6941E-05,1.2806E-03,3.1004E-01,1.5004E-04,2.8126E-04,4.4274E-01,5.8329E-04,6.5768E-04,59.924,0.106,0.366,SSFRLIKE,10.91,0.10,0.70,0.20,FUV+WISE4,0.21,-20.998,0,"<a href=""/data/WISE/z0MGS/images/PGC60045.html"">Summary</a>"
87,null,null,NGC6394,2.6258925150E+02,5.9639880000E+01,null,null,null,null,null,null,null,null,null,null,null,null,null,null,null,null,null,null,null,null,null,null,null,null,null,null,null,null,null,null,null,null,null,null,null,null,null,null,null,null,null,null,null,null,null,null,null,null,null,null,null,null,null,null,null,null,null,null,null,null,null,null,null,null,null,null,null,null,null,null,null,null,null,null,null,null,null,null,null,null,null,null,null,null,null,null
88,0.022650,85.441946,NGC6478,2.6715975000E+02,5.1157222200E+01,PGC60896,60896,267.159760,51.157223,78.496124,30.410885,gauss15,0,0,1,1,1,1,null,null,null,null,null,null,null,null,0.00238,0.55371,0.00283,0.29242,1.1193E-02,5.3372E-02,8.0948E-02,9.6438E-02,0,0.000,0.000,0,0,0.000,0.000,0,0,0.439,0.654,1,0,0.367,0.531,1,0,0.000,0.000,0,0,0.000,0.000,0,0.0000E+00,0,null,null,null,null,null,null,5.2176E-02,7.6390E-06,3.5770E-03,3.1740E-02,1.2359E-05,1.9146E-03,1.4096E-01,1.5527E-04,4.0570E-04,1.6824E-01,5.6465E-04,6.7270E-04,103.134,0.061,0.297,W4W1,11.03,0.10,0.84,0.20,WISE4,null,-22.131,0,"<a href=""/data/WISE/z0MGS/images/PGC60896.html"">Summary</a>"
89,0.148866,32.962685,NGC7738,3.5600852250E+02,5.1670670000E-01,PGC72247,72247,356.008545,0.516741,89.817276,-57.954414,gauss15,1,1,1,1,1,1,4732.9,4323.4,0.233,0.233,4.2638E-05,1.4632E-04,8.0352E-05,2.7072E-04,0.00526,0.03456,0.00413,0.02049,2.4748E-02,2.9771E-02,1.6465E-01,1.7677E-01,0,0.000,0.000,0,0,0.000,0.000,0,0,0.000,0.000,0,0,0.000,0.000,0,0,0.000,0.000,0,0,0.000,0.000,0,0.0000E+00,0,3.4681E-04,2.6242E-07,6.4616E-07,5.7965E-04,3.9803E-07,1.3096E-06,4.1917E-02,1.6215E-05,1.9949E-04,2.8105E-02,2.2014E-05,1.1945E-04,1.2974E-01,2.9348E-04,3.2648E-04,4.2557E-01,9.4743E-04,1.0172E-03,98.901,0.064,0.244,SSFRLIKE,10.81,0.10,1.11,0.20,FUV+WISE4,0.68,-21.415,0,"<a href=""/data/WISE/z0MGS/images/PGC72247.html"">Summary</a>"
90,0.166352,-22.794144,NGC7819,1.1020620000E+00,3.1471986100E+01,PGC303,303,1.102041,31.472029,111.315041,-30.336521,gauss15,0,1,1,1,1,1,null,280.6,null,0.503,null,null,1.9379E-04,5.0056E-03,0.00327,0.18260,0.00413,0.09633,1.7389E-02,2.9321E-02,1.3355E-01,1.4599E-01,0,0.000,0.000,0,0,0.031,0.015,0,0,0.061,0.031,0,0,0.061,0.029,0,0,0.000,0.000,0,0,0.000,0.000,0,0.0000E+00,0,null,null,null,2.2231E-03,1.4811E-06,3.4699E-05,1.9390E-02,1.1690E-05,1.2054E-03,1.2015E-02,2.0556E-05,6.4703E-04,6.2930E-02,2.5648E-04,3.1336E-04,1.2422E-01,9.3642E-04,1.0237E-03,73.621,0.086,0.268,SSFRLIKE,10.27,0.10,0.46,0.20,NUV+WISE4,0.39,-20.733,0,"<a href=""/data/WISE/z0MGS/images/PGC303.html"">Summary</a>"
91,0.003053,61.857321,UGC00809,1.8966096000E+01,3.3810729600E+01,PGC4563,4563,18.966097,33.810730,128.720093,-28.786241,gauss15,1,1,1,1,1,1,85.2,76.0,0.527,0.527,3.1459E-04,3.4874E-04,3.4402E-04,5.4238E-04,0.00240,0.07909,0.00319,0.04305,1.4230E-02,2.0765E-02,1.1403E-01,1.1941E-01,0,0.000,0.000,0,0,0.000,0.000,0,0,0.270,0.342,1,0,0.159,0.176,0,0,0.000,0.000,0,0,0.000,0.000,0,0.0000E+00,0,4.6179E-04,2.2660E-06,2.4849E-06,7.8292E-04,2.3940E-06,3.2649E-06,9.6993E-03,8.3777E-06,4.3734E-04,5.7291E-03,1.4967E-05,2.4275E-04,2.5289E-02,1.6388E-04,1.9931E-04,3.4295E-02,6.5619E-04,6.8711E-04,63.885,0.082,0.365,SSFRLIKE,9.98,0.10,-0.23,0.20,FUV+WISE4,-0.10,-20.065,0,"<a href=""/data/WISE/z0MGS/images/PGC4563.html"">Summary</a>"
92,0.002186,-8.834509,UGC03253,7.9923417000E+01,8.4052527800E+01,PGC17104,17104,79.923416,84.052528,128.960251,24.682793,gauss15,1,1,1,1,1,1,260.4,392.9,0.599,0.599,1.9365E-04,2.5452E-04,1.7127E-04,9.8447E-03,0.00369,0.15778,0.00380,0.08618,1.5959E-02,2.3353E-02,1.1629E-01,1.2145E-01,0,0.000,0.000,0,0,0.080,0.073,0,0,0.102,0.078,0,0,0.091,0.073,0,0,0.034,0.018,0,0,0.000,0.000,0,0.0000E+00,0,1.4548E-03,1.5500E-06,1.8695E-06,1.8969E-03,1.2394E-06,5.9713E-05,3.0388E-02,1.0098E-05,9.8143E-04,1.7775E-02,1.5027E-05,5.4484E-04,4.9104E-02,2.0355E-04,2.3933E-04,6.8385E-02,7.3839E-04,7.7114E-04,63.299,0.081,0.414,SSFRLIKE,10.52,0.10,0.13,0.20,FUV+WISE4,-0.10,-21.269,0,"<a href=""/data/WISE/z0MGS/images/PGC17104.html"">Summary</a>"
93,0.283757,-39.294470,UGC03539,1.0222464900E+02,6.6261276300E+01,PGC19652,19652,102.224525,66.261337,149.169464,24.420811,gauss15,0,0,1,1,1,1,null,null,null,null,null,null,null,null,0.00310,0.39098,0.00319,0.20181,1.7641E-02,4.0964E-02,1.1622E-01,1.2674E-01,0,0.000,0.000,0,0,0.000,0.000,0,0,0.481,0.812,1,0,0.423,0.716,1,0,0.179,0.212,1,0,0.000,0.000,0,0.0000E+00,0,null,null,null,null,null,null,2.4435E-02,1.3166E-05,3.2047E-03,1.6146E-02,2.1351E-05,1.6764E-03,7.0057E-02,2.8433E-04,4.4699E-04,9.5345E-02,1.0204E-03,1.1128E-03,55.980,0.125,0.263,W4W1,10.12,0.11,0.06,0.20,WISE4,null,-20.236,0,"<a href=""/data/WISE/z0MGS/images/PGC19652.html"">Summary</a>"
94,0.228921,55.299912,UGC03969,1.1530964100E+02,2.7614055700E+01,PGC21580,21580,115.309700,27.614092,192.321152,22.418770,gauss15,1,1,1,1,1,1,146.1,2639.3,0.456,0.456,2.4140E-04,2.8467E-04,8.3758E-05,6.6321E-03,0.00418,0.15068,0.00424,0.08241,2.0972E-02,2.6899E-02,1.5614E-01,1.6902E-01,0,0.000,0.000,0,0,0.000,0.000,0,0,0.000,0.000,0,0,0.000,0.000,0,0,0.000,0.000,0,0,0.000,0.000,0,0.0000E+00,0,1.3083E-04,2.0313E-06,2.3579E-06,2.6563E-04,5.6799E-07,3.8847E-05,1.6787E-02,1.3245E-05,9.4391E-04,1.0749E-02,2.3538E-05,5.2549E-04,4.7668E-02,2.9203E-04,3.2979E-04,6.5679E-02,9.9603E-04,1.0782E-03,119.674,0.053,0.394,SSFRLIKE,10.79,0.10,0.48,0.20,FUV+WISE4,0.07,-21.247,0,"<a href=""/data/WISE/z0MGS/images/PGC21580.html"">Summary</a>"
95,0.005124,114.932805,UGC03973,1.1563567200E+02,4.9809811200E+01,PGC21618,21618,115.635674,49.809811,168.602264,28.381523,gauss15,1,1,1,1,1,1,212.0,179.4,0.635,0.635,2.1018E-04,2.2754E-04,2.1093E-04,8.3557E-04,0.00348,1.16285,0.00473,0.60520,2.0208E-02,1.0786E-01,1.5237E-01,1.6263E-01,0,0.000,0.000,0,0,0.015,0.001,0,0,0.053,0.008,0,0,0.038,0.002,0,0,0.000,0.000,0,0,0.000,0.000,0,0.0000E+00,0,4.0285E-03,2.1330E-06,2.3218E-06,3.9018E-03,2.1404E-06,6.9251E-06,7.7267E-02,1.5425E-05,8.9168E-03,1.0105E-01,2.8743E-05,4.7285E-03,3.0840E-01,3.2477E-04,9.4504E-04,7.8147E-01,1.2281E-03,1.3108E-03,98.901,0.064,0.225,SSFRLIKE,11.05,0.11,1.43,0.20,FUV+WISE4,0.85,-21.840,0,"<a href=""/data/WISE/z0MGS/images/PGC21618.html"">Summary</a>"
96,0.006458,112.969223,UGC04029,1.1707916100E+02,3.4332215100E+01,PGC21847,21847,117.079163,34.332214,185.841980,25.957323,gauss15,1,1,1,1,1,1,86.6,1337.6,0.484,0.484,2.6802E-04,3.5424E-04,1.0830E-04,2.9398E-03,0.00318,1.01044,0.00396,0.55132,2.0042E-02,9.7155E-02,1.5942E-01,1.6652E-01,0,0.000,0.000,0,0,0.146,0.217,1,0,0.272,0.147,0,0,0.219,0.103,0,0,0.099,0.023,0,0,0.000,0.000,0,0.0000E+00,0,8.1544E-04,2.9227E-06,3.4963E-06,1.0368E-03,1.0196E-06,2.5519E-05,2.5453E-02,1.6494E-05,8.1782E-03,1.6627E-02,2.9046E-05,4.6099E-03,6.9425E-02,3.7343E-04,9.3653E-04,1.4355E-01,1.4032E-03,1.4657E-03,65.253,0.097,0.318,SSFRLIKE,10.35,0.16,0.34,0.20,FUV+WISE4,0.21,-20.908,0,"<a href=""/data/WISE/z0MGS/images/PGC21847.html"">Summary</a>"
97,0.250914,146.768468,UGC04132,1.1980417650E+02,3.2914933300E+01,PGC22381,22381,119.804222,32.914875,188.073502,27.744438,gauss15,1,1,1,1,1,1,189.6,278.9,0.608,0.608,1.6530E-04,2.5574E-04,1.7122E-04,6.2924E-03,0.00309,0.09485,0.00429,0.05225,2.1773E-02,2.7528E-02,1.6726E-01,1.8341E-01,0,0.000,0.000,0,0,0.000,0.000,0,0,0.000,0.000,0,0,0.000,0.000,0,0,0.000,0.000,0,0,0.000,0.000,0,0.0000E+00,0,8.6824E-04,1.4360E-06,1.9004E-06,1.5688E-03,1.3633E-06,3.4930E-05,5.6254E-02,1.1108E-05,5.5183E-04,3.6035E-02,2.1909E-05,3.0558E-04,2.2929E-01,2.7579E-04,3.1024E-04,3.2791E-01,9.6612E-04,1.0594E-03,77.589,0.071,0.326,SSFRLIKE,10.86,0.10,0.81,0.20,FUV+WISE4,0.35,-21.723,0,"<a href=""/data/WISE/z0MGS/images/PGC22381.html"">Summary</a>"
98,0.094567,8.200426,UGC04280,1.2363891750E+02,5.4799492600E+01,PGC23103,23103,123.638924,54.799519,163.299072,33.683891,gauss15,1,1,1,1,1,1,185.2,165.4,0.374,0.374,1.8152E-04,2.0060E-04,1.5178E-04,2.4225E-03,0.00243,0.09170,0.00293,0.05059,1.9004E-02,2.1038E-02,1.4092E-01,1.5503E-01,0,0.000,0.000,0,0,0.000,0.000,0,0,0.000,0.000,0,0,0.000,0.000,0,0,0.000,0.000,0,0,0.000,0.000,0,0.0000E+00,0,5.4757E-04,1.4302E-06,1.5331E-06,8.3119E-04,1.1737E-06,1.5220E-05,2.1242E-02,1.0314E-05,5.7529E-04,1.2152E-02,1.8886E-05,3.2341E-04,3.5591E-02,2.4423E-04,2.7585E-04,6.2697E-02,8.9896E-04,9.8899E-04,53.407,0.118,0.412,SSFRLIKE,10.21,0.10,-0.17,0.20,FUV+WISE4,-0.20,-19.959,0,"<a href=""/data/WISE/z0MGS/images/PGC23103.html"">Summary</a>"
99,0.034713,130.795529,UGC04461,1.2834442500E+02,5.2532293900E+01,PGC23996,23996,128.344437,52.532288,166.021133,36.502739,gauss15,1,1,1,1,1,1,2101.3,1820.0,0.331,0.331,5.7437E-05,6.2317E-04,8.1487E-05,1.6117E-03,0.00261,0.04093,0.00298,0.02410,1.6842E-02,2.4103E-02,1.3447E-01,1.4474E-01,0,0.000,0.000,0,0,0.000,0.000,0,0,0.000,0.000,0,0,0.000,0.000,0,0,0.000,0.000,0,0,0.000,0.000,0,0.0000E+00,0,1.2415E-03,4.5986E-07,4.3837E-06,1.6684E-03,6.0540E-07,1.1109E-05,1.5992E-02,1.0639E-05,2.7111E-04,1.0305E-02,1.9618E-05,1.6309E-04,5.4473E-02,2.5567E-04,2.9968E-04,9.7024E-02,9.3921E-04,1.0109E-03,74.817,0.084,0.280,SSFRLIKE,10.21,0.10,0.35,0.20,FUV+WISE4,0.32,-20.959,0,"<a href=""/data/WISE/z0MGS/images/PGC23996.html"">Summary</a>"
100,0.162708,-101.744891,UGC05108,1.4385959400E+02,2.9812642700E+01,PGC27266,27266,143.859543,29.812634,197.325684,47.164730,gauss15,1,1,1,1,1,1,183.2,165.0,0.148,0.148,1.5810E-04,2.6426E-04,2.3533E-04,1.4129E-03,0.00242,0.06011,0.00305,0.03245,1.8833E-02,2.3772E-02,1.4195E-01,1.6159E-01,0,0.000,0.000,0,0,0.000,0.000,0,0,0.000,0.000,0,0,0.000,0.000,0,0,0.000,0.000,0,0,0.000,0.000,0,0.0000E+00,0,3.2831E-04,9.5813E-07,1.2850E-06,5.2920E-04,1.4132E-06,7.3328E-06,2.2288E-02,8.6044E-06,3.0867E-04,1.3673E-02,1.6322E-05,1.6922E-04,4.4756E-02,2.0339E-04,2.3769E-04,1.1193E-01,7.3477E-04,8.3641E-04,119.674,0.053,0.349,SSFRLIKE,10.86,0.10,0.72,0.20,FUV+WISE4,0.26,-21.230,0,"<a href=""/data/WISE/z0MGS/images/PGC27266.html"">Summary</a>"
101,0.247375,101.245095,UGC05111,1.4421848700E+02,6.6788358700E+01,PGC27358,27358,144.218658,66.788345,145.864960,40.606235,gauss15,1,1,1,1,1,1,106.7,1400.3,0.833,0.833,2.6092E-04,2.8822E-04,8.3687E-05,1.8152E-03,0.00274,0.15687,0.00315,0.08577,1.8857E-02,2.6663E-02,1.2654E-01,1.3583E-01,0,0.000,0.000,0,0,0.000,0.000,0,0,0.000,0.000,0,0,0.000,0.000,0,0,0.000,0.000,0,0,0.000,0.000,0,0.0000E+00,0,1.4439E-04,2.3100E-06,2.4822E-06,2.5197E-04,6.5415E-07,1.2817E-05,2.9229E-02,1.0891E-05,1.0758E-03,1.8949E-02,1.9742E-05,5.9405E-04,7.4181E-02,2.4282E-04,2.9181E-04,8.4364E-02,8.8609E-04,9.5120E-04,101.345,0.062,0.444,SSFRLIKE,10.94,0.10,0.44,0.20,FUV+WISE4,-0.07,-21.295,0,"<a href=""/data/WISE/z0MGS/images/PGC27358.html"">Summary</a>"
102,1.523628,-146.788947,UGC05244,1.4720069700E+02,6.4167987200E+01,PGC28197,28197,147.200165,64.167633,148.134766,42.958218,gauss15,1,1,1,1,1,1,1253.5,1692.3,0.504,0.504,7.5008E-05,3.8487E-03,1.0045E-04,6.0995E-02,0.00270,0.39914,0.00311,0.22139,1.8064E-02,6.7521E-02,1.4749E-01,1.7683E-01,0,0.000,0.000,0,0,0.000,0.000,0,0,0.000,0.000,0,0,0.000,0.000,0,0,0.000,0.000,0,0,0.000,0.000,0,0.0000E+00,0,6.7445E-04,7.3608E-07,2.9775E-05,9.0256E-04,7.7177E-07,3.8906E-04,6.9635E-03,1.1747E-05,2.9116E-03,4.0899E-03,2.1864E-05,1.6327E-03,1.1686E-02,2.8382E-04,5.2334E-04,1.8172E-02,1.1222E-03,1.3453E-03,45.080,0.125,0.349,SSFRLIKE,9.51,0.18,-0.63,0.20,FUV+WISE4,-0.20,-19.861,1,"<a href=""/data/WISE/z0MGS/images/PGC28197.html"">Summary</a>"
103,0.121695,-102.124289,UGC05359,1.4971529100E+02,1.9214995800E+01,PGC28828,28828,149.715256,19.214989,214.817719,49.752510,gauss15,1,1,1,1,1,1,188.5,171.4,0.207,0.207,1.4772E-04,1.9518E-04,2.0995E-04,7.4668E-04,0.00234,0.03165,0.00339,0.01756,1.8704E-02,2.3251E-02,1.4036E-01,1.5647E-01,0,0.000,0.000,0,0,0.000,0.000,0,0,0.000,0.000,0,0,0.000,0.000,0,0,0.000,0.000,0,0,0.000,0.000,0,0.0000E+00,0,4.4188E-04,1.3789E-06,1.7061E-06,6.5358E-04,2.1017E-06,4.9191E-06,1.2103E-02,1.2149E-05,2.1214E-04,7.8026E-03,2.4073E-05,1.1897E-04,2.2110E-02,3.1329E-04,3.5317E-04,2.5890E-02,1.0620E-03,1.1839E-03,123.994,0.051,0.435,SSFRLIKE,10.72,0.10,0.26,0.20,FUV+WISE4,-0.11,-21.364,0,"<a href=""/data/WISE/z0MGS/images/PGC28828.html"">Summary</a>"
104,null,null,UGC05498NED01,1.5301525010E+02,2.3085447000E+01,null,null,null,null,null,null,null,null,null,null,null,null,null,null,null,null,null,null,null,null,null,null,null,null,null,null,null,null,null,null,null,null,null,null,null,null,null,null,null,null,null,null,null,null,null,null,null,null,null,null,null,null,null,null,null,null,null,null,null,null,null,null,null,null,null,null,null,null,null,null,null,null,null,null,null,null,null,null,null,null,null,null,null,null,null,null
105,0.311533,58.122957,UGC05598,1.5555837750E+02,2.0589391800E+01,PGC30351,30351,155.558456,20.589437,215.613449,55.395001,gauss15,0,1,1,1,1,1,null,86.5,null,0.228,null,null,3.1734E-04,2.0074E-03,0.00257,0.03442,0.00277,0.01940,2.2047E-02,2.5620E-02,1.5133E-01,1.6815E-01,0,0.000,0.000,0,0,0.000,0.000,0,0,0.000,0.000,0,0,0.000,0.000,0,0,0.000,0.000,0,0,0.000,0.000,0,0.0000E+00,0,null,null,null,5.6838E-04,2.5770E-06,1.2685E-05,1.3031E-02,1.0567E-05,1.9966E-04,7.5652E-03,2.0030E-05,1.1548E-04,3.8132E-02,3.0006E-04,3.3474E-04,3.2647E-02,9.6087E-04,1.0676E-03,82.604,0.076,0.423,SSFRLIKE,10.39,0.10,-0.03,0.20,NUV+WISE4,-0.18,-20.072,0,"<a href=""/data/WISE/z0MGS/images/PGC30351.html"">Summary</a>"
106,0.937136,23.314388,UGC06312,1.6950072000E+02,7.8446625000E+00,PGC34527,34527,169.500824,7.844902,249.674454,60.649383,gauss15,1,1,1,1,1,1,1500.6,1260.6,0.371,0.371,7.8889E-05,2.1475E-04,9.6428E-05,6.8885E-04,0.00227,0.02616,0.00258,0.01455,1.9934E-02,2.4843E-02,1.5460E-01,1.6561E-01,0,0.000,0.000,0,0,0.031,0.015,0,0,0.046,0.013,0,0,0.046,0.012,0,0,0.000,0.000,0,0,0.000,0.000,0,0.0000E+00,0,7.8692E-05,4.8393E-07,1.1759E-06,1.9785E-04,6.2958E-07,2.6084E-06,2.7086E-02,9.3483E-06,1.1953E-04,1.4670E-02,1.6886E-05,6.8400E-05,2.0303E-02,2.3831E-04,2.6782E-04,1.9943E-02,8.9301E-04,9.5658E-04,92.854,0.068,0.500,SSFRLIKE,10.88,0.10,-0.23,0.20,FUV+WISE4,null,-20.676,0,"<a href=""/data/WISE/z0MGS/images/PGC34527.html"">Summary</a>"
107,0.092054,170.235447,UGC07012,1.8051308700E+02,2.9848072500E+01,PGC37976,37976,180.513092,29.848047,195.961258,78.819435,gauss15,1,1,1,1,1,1,93.4,71.4,0.182,0.182,2.3106E-04,4.6067E-04,3.0622E-04,5.8149E-04,0.00272,0.01552,0.00350,0.00919,1.8239E-02,2.1351E-02,1.3096E-01,1.4769E-01,0,0.000,0.000,0,0,0.000,0.000,0,0,0.054,0.034,0,0,0.000,0.000,0,0,0.000,0.000,0,0,0.000,0.000,0,0.0000E+00,0,2.0095E-03,7.2627E-07,1.9717E-06,2.6250E-03,1.9877E-06,2.8289E-06,9.4048E-03,7.9251E-06,7.1243E-05,5.3435E-03,1.3898E-05,4.4307E-05,2.6548E-02,2.1437E-04,2.3154E-04,3.7373E-02,6.8423E-04,7.7164E-04,44.670,0.125,0.247,SSFRLIKE,9.48,0.10,-0.24,0.20,FUV+WISE4,0.22,-19.490,1,"<a href=""/data/WISE/z0MGS/images/PGC37976.html"">Summary</a>"
108,0.224393,167.272901,UGC08107,1.9491556500E+02,5.3341331200E+01,PGC44641,44641,194.915588,53.341270,120.156670,63.742783,gauss15,1,1,1,1,1,1,72.5,137.9,0.189,0.189,2.4620E-04,5.3884E-04,2.0812E-04,7.9177E-03,0.00233,0.12648,0.00282,0.06896,1.4295E-02,2.1482E-02,1.1179E-01,1.2796E-01,0,0.000,0.000,0,0,0.000,0.000,0,0,0.000,0.000,0,0,0.000,0.000,0,0,0.000,0.000,0,0,0.000,0.000,0,0.0000E+00,0,6.4327E-04,9.1161E-07,6.8211E-06,9.9716E-04,3.0705E-06,8.8633E-05,3.7692E-02,1.5270E-05,1.4075E-03,2.2341E-02,2.7774E-05,7.7355E-04,7.2557E-02,3.4394E-04,4.1447E-04,8.4481E-02,1.2580E-03,1.4399E-03,124.566,0.051,0.461,SSFRLIKE,11.25,0.10,0.69,0.20,FUV+WISE4,-0.03,-21.691,0,"<a href=""/data/WISE/z0MGS/images/PGC44641.html"">Summary</a>"
109,0.406971,31.489082,UGC08250,1.9758377700E+02,3.2482623000E+01,PGC45700,45700,197.583847,32.482719,86.643890,83.258537,gauss15,1,1,1,1,1,1,101.4,82.5,0.126,0.126,1.9474E-04,2.6909E-04,2.6830E-04,6.1144E-04,0.00232,0.02497,0.00259,0.01613,1.6357E-02,1.9861E-02,1.3129E-01,1.4334E-01,0,0.000,0.000,0,0,0.000,0.000,0,0,0.000,0.000,0,0,0.000,0.000,0,0,0.000,0.000,0,0,0.000,0.000,0,0.0000E+00,0,2.9147E-04,6.3706E-07,1.8881E-06,4.5983E-04,2.1069E-06,4.0827E-06,7.6510E-03,8.5797E-06,1.5486E-04,4.6373E-03,1.6455E-05,1.0083E-04,1.6926E-02,2.2734E-04,2.5390E-04,3.1493E-02,8.3490E-04,9.1157E-04,79.616,0.079,0.356,SSFRLIKE,10.05,0.10,-0.11,0.20,FUV+WISE4,-0.04,-20.274,0,"<a href=""/data/WISE/z0MGS/images/PGC45700.html"">Summary</a>"
110,0.275704,133.792357,UGC08267,1.9779704250E+02,4.3726459100E+01,PGC45765,45765,197.797119,43.726406,110.698830,72.929779,gauss15,1,1,1,1,1,1,1827.6,4940.7,0.176,0.176,5.6394E-05,1.3434E-04,5.9030E-05,1.8492E-04,0.00195,0.02134,0.00198,0.01124,1.3789E-02,1.5651E-02,1.1188E-01,1.2552E-01,0,0.000,0.000,0,0,0.000,0.000,0,0,0.000,0.000,0,0,0.000,0.000,0,0,0.000,0.000,0,0,0.000,0.000,0,0.0000E+00,0,9.2011E-05,3.5177E-07,6.6138E-07,1.7947E-04,2.8201E-07,8.8587E-07,1.9149E-02,7.0521E-06,1.0970E-04,1.1954E-02,1.2283E-05,5.8453E-05,5.0879E-02,1.5697E-04,1.7666E-04,6.5551E-02,5.7640E-04,6.4666E-04,109.245,0.058,0.418,SSFRLIKE,10.80,0.10,0.39,0.20,FUV+WISE4,-0.02,-20.715,0,"<a href=""/data/WISE/z0MGS/images/PGC45765.html"">Summary</a>"
111,0.639633,-19.677617,UGC09067,2.1268948500E+02,1.5209246200E+01,PGC50621,50621,212.689423,15.209414,4.067961,68.050949,gauss15,1,1,1,1,1,1,185.2,176.3,0.145,0.145,1.4908E-04,2.5382E-04,2.1594E-04,3.2620E-03,0.00547,0.13297,0.00432,0.07276,1.3705E-02,4.2577E-02,9.8858E-02,1.5986E-01,0,0.000,0.000,0,0,0.000,0.000,0,0,0.000,0.000,0,0,0.000,0.000,0,0,0.000,0.000,0,0,0.000,0.000,0,0.0000E+00,0,7.8969E-04,8.3793E-07,9.5936E-07,1.1517E-03,1.2036E-06,1.4549E-05,1.7533E-02,1.2189E-05,5.9968E-04,1.0543E-02,1.4394E-05,3.3254E-04,4.7064E-02,1.3838E-04,1.6745E-04,6.2495E-02,4.5007E-04,7.2781E-04,116.574,0.054,0.367,SSFRLIKE,10.76,0.10,0.55,0.20,FUV+WISE4,0.16,-21.305,0,"<a href=""/data/WISE/z0MGS/images/PGC50621.html"">Summary</a>"
112,0.115971,76.902514,UGC09476,2.2038330300E+02,4.4512745200E+01,PGC52476,52476,220.383347,44.512752,78.453049,61.944466,gauss15,0,0,1,1,1,1,null,null,null,null,null,null,null,null,0.00245,0.27791,0.00225,0.15137,1.1451E-02,3.0339E-02,9.0402E-02,1.0124E-01,0,0.000,0.000,0,0,0.000,0.000,0,0,0.000,0.000,0,0,0.000,0.000,0,0,0.000,0.000,0,0,0.000,0.000,0,0.0000E+00,0,null,null,null,null,null,null,3.0238E-02,1.0259E-05,2.2265E-03,1.8616E-02,1.5938E-05,1.2225E-03,7.5457E-02,2.1236E-04,3.2202E-04,9.3796E-02,7.5713E-04,8.4790E-04,51.642,0.122,0.303,W4W1,10.20,0.10,-0.02,0.20,WISE4,null,-20.248,0,"<a href=""/data/WISE/z0MGS/images/PGC52476.html"">Summary</a>"
113,0.019284,-17.809290,UGC09537,2.2211149800E+02,3.4998049400E+01,PGC52877,52877,222.111496,34.998055,57.684006,63.846054,gauss15,1,1,1,1,1,1,155.0,238.2,0.179,0.179,1.9549E-04,2.5839E-04,1.7675E-04,5.4231E-03,0.00263,0.35747,0.00248,0.19668,1.1757E-02,3.6017E-02,9.3130E-02,9.8890E-02,0,0.000,0.000,0,0,0.000,0.000,0,0,0.060,0.020,0,0,0.026,0.008,0,0,0.000,0.000,0,0,0.000,0.000,0,0.0000E+00,0,6.5122E-04,2.5724E-06,3.2158E-06,8.9792E-04,2.2653E-06,5.7453E-05,3.9205E-02,1.5385E-05,3.6970E-03,2.2719E-02,2.4256E-05,2.0527E-03,5.3726E-02,2.6254E-04,4.6743E-04,6.7924E-02,9.9048E-04,1.0517E-03,132.617,0.048,0.495,SSFRLIKE,11.35,0.11,0.67,0.20,FUV+WISE4,-0.11,-22.071,0,"<a href=""/data/WISE/z0MGS/images/PGC52877.html"">Summary</a>"
114,0.106299,-135.609681,UGC09542,2.2225501800E+02,4.2463979800E+01,PGC52908,52908,222.254990,42.463959,73.296837,61.626091,gauss15,1,1,1,1,1,1,142.0,121.5,0.162,0.162,2.1336E-04,2.5997E-04,2.2017E-04,4.4113E-04,0.00188,0.04360,0.00249,0.02465,1.1092E-02,1.6388E-02,8.8424E-02,9.7439E-02,0,0.000,0.000,0,0,0.021,0.017,0,0,0.031,0.007,0,0,0.031,0.007,0,0,0.000,0.000,0,0,0.000,0.000,0,0.0000E+00,0,5.4880E-04,1.7513E-06,2.0842E-06,8.1447E-04,1.9352E-06,3.3199E-06,1.5511E-02,8.0439E-06,2.9228E-04,9.2877E-03,1.5525E-05,1.6721E-04,3.3139E-02,1.7200E-04,1.9575E-04,4.3703E-02,6.1760E-04,6.8057E-04,83.215,0.076,0.405,SSFRLIKE,10.45,0.10,0.10,0.20,FUV+WISE4,-0.09,-20.575,0,"<a href=""/data/WISE/z0MGS/images/PGC52908.html"">Summary</a>"
115,0.142258,172.749391,UGC09665,2.2538523150E+02,4.8319829100E+01,PGC53657,53657,225.385239,48.319790,81.775612,57.092831,gauss15,1,1,1,1,1,1,141.0,1218.8,0.196,0.196,2.3677E-04,3.3058E-04,8.9533E-05,2.9740E-04,0.00249,0.39167,0.00243,0.21158,1.2057E-02,3.8353E-02,9.0473E-02,9.9604E-02,0,0.000,0.000,0,0,0.000,0.000,0,0,0.000,0.000,0,0,0.000,0.000,0,0,0.000,0.000,0,0,0.000,0.000,0,0.0000E+00,0,7.0312E-04,2.2625E-06,2.8395E-06,1.0516E-03,7.5471E-07,2.1895E-06,3.3215E-02,9.2678E-06,3.0936E-03,2.1203E-02,1.5079E-05,1.6998E-03,1.0663E-01,2.0311E-04,3.7458E-04,1.6221E-01,7.4185E-04,8.1672E-04,32.700,0.125,0.347,SSFRLIKE,9.91,0.11,-0.23,0.20,FUV+WISE4,-0.06,-18.980,1,"<a href=""/data/WISE/z0MGS/images/PGC53657.html"">Summary</a>"
116,2.174912,153.084616,UGC09759,2.2767037200E+02,5.5350354100E+01,PGC54154,54154,227.670853,55.349815,90.924095,52.238674,gauss15,1,1,1,1,1,1,188.5,175.0,0.103,0.103,2.0046E-04,3.3845E-04,1.9391E-04,3.7166E-04,0.00190,0.04724,0.00215,0.02563,1.3115E-02,1.8245E-02,9.1458E-02,1.0283E-01,0,0.000,0.000,0,0,0.000,0.000,0,0,0.000,0.000,0,0,0.000,0.000,0,0,0.000,0.000,0,0,0.000,0.000,0,0.0000E+00,0,2.0284E-04,1.4848E-06,2.2703E-06,4.0163E-04,1.5441E-06,2.4873E-06,2.2680E-02,6.7956E-06,2.8066E-04,1.3779E-02,1.2145E-05,1.5446E-04,4.9508E-02,1.6039E-04,1.8764E-04,6.4714E-02,5.8071E-04,6.5291E-04,54.001,0.116,0.440,SSFRLIKE,10.28,0.10,-0.20,0.20,FUV+WISE4,-0.28,-18.986,0,"<a href=""/data/WISE/z0MGS/images/PGC54154.html"">Summary</a>"
117,0.108988,154.830402,UGC09873,2.3246096550E+02,4.2629002300E+01,PGC55247,55247,232.460983,42.628975,69.210426,54.424206,gauss15,1,1,1,1,1,1,158.7,522.0,0.259,0.259,2.1511E-04,2.2583E-03,1.1207E-04,3.5408E-03,0.00233,0.03001,0.00248,0.01954,9.1291E-03,1.1476E-01,6.9053E-02,2.2650E-01,0,0.000,0.000,0,0,0.000,0.000,0,0,0.072,0.034,0,0,0.036,0.013,0,0,0.000,0.000,0,0,0.000,0.000,0,0.0000E+00,0,3.3052E-04,1.7094E-06,1.2279E-05,4.4323E-04,8.7771E-07,1.8114E-05,7.8238E-03,6.9049E-06,1.3680E-04,5.0935E-03,1.1651E-05,9.1493E-05,2.0829E-02,1.1416E-04,6.0103E-04,3.0689E-02,4.4051E-04,1.4449E-03,86.218,0.074,0.358,SSFRLIKE,10.13,0.10,-0.04,0.20,FUV+WISE4,-0.02,-20.429,0,"<a href=""/data/WISE/z0MGS/images/PGC55247.html"">Summary</a>"
118,0.072364,-43.833926,UGC09892,2.3321649450E+02,4.1191445200E+01,PGC55377,55377,233.216476,41.191460,66.604828,54.159573,gauss15,0,0,1,1,1,1,null,null,null,null,null,null,null,null,0.00204,0.05046,0.00187,0.02746,1.0589E-02,1.3578E-02,8.0860E-02,9.0177E-02,0,0.000,0.000,0,0,0.000,0.000,0,0,0.000,0.000,0,0,0.000,0.000,0,0,0.000,0.000,0,0,0.000,0.000,0,0.0000E+00,0,null,null,null,null,null,null,1.0997E-02,7.1650E-06,3.1801E-04,6.3888E-03,1.2297E-05,1.7739E-04,2.0027E-02,1.4329E-04,1.6202E-04,2.4580E-02,5.1583E-04,5.7527E-04,86.218,0.073,0.360,W4W1,10.28,0.10,-0.16,0.20,WISE4,null,-20.515,0,"<a href=""/data/WISE/z0MGS/images/PGC55377.html"">Summary</a>"
119,0.199208,44.156343,UGC09919,2.3391518250E+02,1.2606337900E+01,PGC55532,55532,233.915222,12.606378,20.498573,48.977802,gauss15,1,1,1,1,1,1,166.4,150.7,0.392,0.392,2.0745E-04,5.2154E-04,2.4214E-04,9.6524E-04,0.00343,0.03130,0.00314,0.01778,1.3902E-02,2.2257E-02,1.0365E-01,1.1698E-01,0,0.000,0.000,0,0,0.000,0.000,0,0,0.000,0.000,0,0,0.000,0.000,0,0,0.000,0.000,0,0,0.000,0.000,0,0.0000E+00,0,4.3181E-04,1.8252E-06,3.1286E-06,6.6356E-04,2.1555E-06,5.6683E-06,1.0074E-02,1.1884E-05,1.9319E-04,5.8423E-03,1.9384E-05,1.1285E-04,2.3835E-02,1.9515E-04,2.3387E-04,3.8455E-02,7.2303E-04,8.1601E-04,49.660,0.125,0.361,SSFRLIKE,9.77,0.10,-0.42,0.20,FUV+WISE4,-0.15,-20.145,1,"<a href=""/data/WISE/z0MGS/images/PGC55532.html"">Summary</a>"
120,0.219441,57.668759,UGC10043,2.3717207850E+02,2.1869491400E+01,PGC56094,56094,237.172134,21.869524,35.468510,49.538658,gauss15,1,1,1,1,1,1,134.3,2269.0,0.508,0.508,2.5527E-04,5.2997E-04,7.5792E-05,1.0293E-03,0.00229,0.03099,0.00288,0.01741,1.2541E-02,1.8439E-02,8.9411E-02,9.8789E-02,0,0.000,0.000,0,0,0.000,0.000,0,0,0.000,0.000,0,0,0.000,0.000,0,0,0.000,0.000,0,0,0.000,0.000,0,1.5470E-02,0,6.8123E-04,3.4169E-06,4.8979E-06,7.9048E-04,8.3601E-07,9.6873E-06,3.2116E-02,1.4592E-05,3.0934E-04,2.1524E-02,2.6781E-05,1.7587E-04,9.1137E-02,2.6256E-04,3.1025E-04,9.9547E-02,9.4987E-04,1.0495E-03,35.000,0.125,0.411,SSFRLIKE,10.02,0.10,-0.35,0.20,FUV+WISE4,-0.26,-19.110,1,"<a href=""/data/WISE/z0MGS/images/PGC56094.html"">Summary</a>"
121,0.461744,62.512440,UGC10123,2.3976185700E+02,5.1304555800E+01,PGC56570,56570,239.762039,51.304615,80.526863,47.395634,gauss15,1,1,1,1,1,1,160.7,1410.9,0.125,0.125,1.8943E-04,2.2989E-04,1.0380E-04,2.7181E-04,0.00254,0.01865,0.00239,0.01072,8.5157E-03,1.2357E-02,5.0933E-02,5.9340E-02,0,0.000,0.000,0,0,0.000,0.000,0,0,0.000,0.000,0,0,0.000,0.000,0,0,0.000,0.000,0,0,0.000,0.000,0,0.0000E+00,0,2.7240E-04,1.4569E-06,1.6396E-06,4.4920E-04,5.7423E-07,1.5875E-06,4.0432E-02,6.9355E-06,9.7385E-05,2.5743E-02,1.0806E-05,5.7218E-05,1.2097E-01,9.1314E-05,1.1121E-04,1.5483E-01,2.9253E-04,3.4081E-04,58.749,0.107,0.398,SSFRLIKE,10.56,0.10,0.23,0.20,FUV+WISE4,-0.03,-19.771,0,"<a href=""/data/WISE/z0MGS/images/PGC56570.html"">Summary</a>"
122,0.103063,-8.690687,UGC10205,2.4166740900E+02,3.0098972600E+01,PGC57173,57173,241.667404,30.099001,48.918102,47.372688,gauss15,1,1,1,1,1,1,105.5,161.8,0.410,0.410,2.3970E-04,3.0454E-04,2.2412E-04,6.3657E-04,0.00254,0.05411,0.00282,0.02947,1.1801E-02,2.5758E-02,1.1672E-01,1.3270E-01,0,0.000,0.000,0,0,0.000,0.000,0,0,0.000,0.000,0,0,0.000,0.000,0,0,0.000,0.000,0,0,0.000,0.000,0,0.0000E+00,0,1.7031E-04,2.2549E-06,2.6306E-06,4.0348E-04,2.0016E-06,4.7694E-06,4.4660E-02,1.0019E-05,3.6919E-04,2.5873E-02,1.8059E-05,2.0640E-04,4.7827E-02,1.7320E-04,2.3423E-04,4.2500E-02,8.2574E-04,9.3880E-04,102.754,0.176,0.500,SSFRLIKE,11.19,0.10,0.18,0.20,FUV+WISE4,null,-21.151,0,"<a href=""/data/WISE/z0MGS/images/PGC57173.html"">Summary</a>"
123,0.022466,120.849470,UGC10331,2.4433795650E+02,5.9320144000E+01,PGC57731,57731,244.337967,59.320141,90.177246,42.452976,gauss15,1,1,1,1,1,1,252.1,1391.3,0.113,0.113,1.6709E-04,3.5158E-04,1.1459E-04,5.9140E-04,0.00382,0.15690,0.00324,0.08317,8.2366E-03,2.9968E-02,5.9555E-02,8.3909E-02,0,0.000,0.000,0,0,0.000,0.000,0,0,0.092,0.069,0,0,0.051,0.036,0,0,0.000,0.000,0,0,0.000,0.000,0,0.0000E+00,0,1.2108E-03,1.4302E-06,2.1453E-06,1.6858E-03,7.4465E-07,3.1009E-06,1.1552E-02,1.2449E-05,1.0591E-03,7.6433E-03,1.2517E-05,5.6802E-04,5.5190E-02,1.0938E-04,1.8580E-04,1.6226E-01,4.1704E-04,5.8758E-04,69.438,0.091,0.200,SSFRLIKE,9.86,0.11,0.46,0.20,FUV+WISE4,0.66,-20.413,0,"<a href=""/data/WISE/z0MGS/images/PGC57731.html"">Summary</a>"
124,0.113581,-103.564896,UGC10380,2.4645807000E+02,1.6576129700E+01,PGC58104,58104,246.458038,16.576122,32.527084,39.515949,gauss15,0,0,1,1,1,1,null,null,null,null,null,null,null,null,0.00317,0.41085,0.00344,0.22064,1.8104E-02,4.9563E-02,1.3513E-01,1.5747E-01,0,0.000,0.000,0,0,0.000,0.000,0,0,0.319,0.462,1,0,0.168,0.124,0,0,0.106,0.032,0,0,0.000,0.000,0,0.0000E+00,0,null,null,null,null,null,null,2.0531E-02,1.2173E-05,2.8754E-03,1.2287E-02,2.1177E-05,1.5678E-03,2.3058E-02,2.8412E-04,4.3817E-04,2.9222E-02,1.0247E-03,1.1941E-03,130.737,0.048,0.439,W4W1,11.00,0.12,0.28,0.20,WISE4,null,-21.511,0,"<a href=""/data/WISE/z0MGS/images/PGC58104.html"">Summary</a>"
125,0.204652,88.185509,UGC10384,2.4669444600E+02,1.1580241300E+01,PGC58141,58141,246.694504,11.580243,26.801256,37.303562,gauss15,1,1,1,1,1,1,1630.1,1485.3,0.520,0.520,8.0746E-05,1.0835E-04,8.9476E-05,4.3794E-04,0.00342,0.06500,0.00315,0.03663,2.1555E-02,2.5140E-02,1.3137E-01,1.5274E-01,0,0.000,0.000,0,0,0.016,0.004,0,0,0.097,0.043,0,0,0.032,0.007,0,0,0.000,0.000,0,0,0.000,0.000,0,0.0000E+00,0,5.1385E-04,5.6780E-07,6.7629E-07,8.2623E-04,5.6208E-07,2.5019E-06,2.4364E-02,1.0035E-05,3.6355E-04,1.6859E-02,1.5294E-05,2.0956E-04,1.2129E-01,2.4001E-04,2.7382E-04,1.9482E-01,7.6028E-04,8.8396E-04,74.817,0.084,0.274,SSFRLIKE,10.39,0.10,0.55,0.20,FUV+WISE4,0.41,-20.317,0,"<a href=""/data/WISE/z0MGS/images/PGC58141.html"">Summary</a>"
126,0.165201,50.482221,UGC10710,2.5671870150E+02,4.3122117400E+01,PGC59634,59634,256.718750,43.122147,68.102745,36.719063,gauss15,1,1,1,1,1,1,109.3,141.8,0.301,0.301,2.4045E-04,2.9664E-04,2.3114E-04,4.5134E-04,0.00199,0.27716,0.00209,0.14420,1.3008E-02,3.0675E-02,1.0872E-01,1.1494E-01,0,0.000,0.000,0,0,0.000,0.000,0,0,0.141,0.087,0,0,0.102,0.055,0,0,0.000,0.000,0,0,0.000,0.000,0,0.0000E+00,0,3.9074E-04,2.6362E-06,2.9514E-06,5.2539E-04,2.3071E-06,3.8609E-06,2.2929E-02,8.5097E-06,2.0972E-03,1.4409E-02,1.5334E-05,1.1147E-03,4.2339E-02,2.3243E-04,3.3681E-04,4.1327E-02,8.9144E-04,9.4247E-04,125.835,0.050,0.489,SSFRLIKE,11.07,0.11,0.40,0.20,FUV+WISE4,-0.19,-21.472,0,"<a href=""/data/WISE/z0MGS/images/PGC59634.html"">Summary</a>"
